Workbook

Sheet Zbiorczy
B1: wydatki | C1: przychody | D1: stan konta | E1: wydatki bez kosztów stałych | F1: zaoszczędzone | N1: zaoszczedzone log
A2: lipiec2020 | B2: =SUM(lipiec!B3:B90) -> 13428.1 | C2: =SUM(lipiec!E3:E23) -> 17932.17 | D2: =MINUS(C2 + lipiec!G3, B2) -> 20014.07 | E2: =B2 - lipiec!J1 -> 4826.1 | F2: =C2-B2 -> 4504.07 | N2: =IF(F2 > 0, LOG10(F2),0) -> 3.6536051
A3: sierpien2020 | B3: =SUM('sierpień'!$B$3:$B$100) -> 12007.07 | C3: =SUM('sierpień'!$E$3:$E$24) -> 17589 | D3: =MINUS(C3 + 'sierpień'!$G$3, $B3) -> 25596 | E3: =B3 - 'sierpień'!$J$1 -> 3929.07 | F3: =C3-B3 -> 5581.93 | N3: =IF(F3 > 0, LOG10(F3),0) -> 3.7467844
A4: wrzesień2020 | B4: =SUM('wrzesień'!$B$3:$B$100) -> 11402 | C4: =SUM('wrzesień'!$E$3:$E$24) -> 13591 | D4: =MINUS(C4 + 'wrzesień'!$G$3, $B4) -> 27785 | E4: =B4 - 'wrzesień'!$J$1 -> 3612 | F4: =C4-B4 -> 2189 | N4: =IF(F4 > 0, LOG10(F4),0) -> 3.3402458
A5: październik2020 | B5: =SUM('październik'!$B$3:$B$100) -> 14783 | C5: =SUM('październik'!$E$3:$E$24) -> 17972 | D5: =MINUS(C5 + 'październik'!$G$3, $B5) -> 30974 | E5: =B5 - 'październik'!$J$1 -> 4936 | F5: =C5-B5 -> 3189 | N5: =IF(F5 > 0, LOG10(F5),0) -> 3.5036545
A6: listopad2020 | B6: =SUM(listopad!$B$3:$B$100) -> 18573 | C6: =SUM(listopad!$F$3:$F$24) -> 17637 | D6: =MINUS(C6 + listopad!$H$3, $B6) -> 30038 | E6: =B6 - listopad!$K$1 -> 10447 | F6: =C6-B6 -> -936 | N6: =IF(F6 > 0, LOG10(F6),0) -> 0
A7: grudzien2020 | B7: =SUM('grudzień'!$B$3:$B$101) -> 16046 | C7: =SUM('grudzień'!$F$3:$F$24) -> 21955.62 | D7: =MINUS(C7 + 'grudzień'!$H$3, $B7) -> 35947.62 | E7: =B7 - 'grudzień'!$K$1 -> 10965 | F7: =C7-B7 -> 5909.62 | N7: =IF(F7 > 0, LOG10(F7),0) -> 3.7715596
A8: styczen2021 | B8: =SUM('styczeń'!$B$3:$B$101) -> 10262 | C8: =SUM('styczeń'!$F$3:$F$24) -> 16873.14 | D8: =MINUS(C8 + 'styczeń'!$H$3, $B8) -> 42558.76 | E8: =B8 - 'styczeń'!$K$1 -> 3714 | F8: =C8-B8 -> 6611.14 | N8: =IF(F8 > 0, LOG10(F8),0) -> 3.8202764
A9: luty2021 | B9: =SUM(luty2021!$B$3:$B$101) -> 13917 | C9: =SUM(luty2021!$F$3:$F$24) -> 16038.41 | D9: =MINUS(C9 + luty2021!$H$3, $B9) -> 44680.17 | E9: =B9 - luty2021!$K$1 -> 7947 | F9: =C9-B9 -> 2121.41 | N9: =IF(F9 > 0, LOG10(F9),0) -> 3.3266246
A10: marzec2021 | B10: =SUM(marzec2021!$B$3:$B$101) -> 12114 | C10: =SUM(marzec2021!$F$3:$F$24) -> 16050.52 | D10: =MINUS(C10 + marzec2021!$H$3, $B10) -> 48616.69 | E10: =B10 - marzec2021!$K$1 -> 5880 | F10: =C10-B10 -> 3936.52 | N10: =IF(F10 > 0, LOG10(F10),0) -> 3.5951125
A11: kwiecień2021 | B11: =SUM('kwiecień2021'!$B$3:$B$101) -> 14279.2 | C11: =SUM('kwiecień2021'!$F$3:$F$24) -> 21303 | D11: =MINUS(C11 + 'kwiecień2021'!$H$3, $B11) -> 55640.49 | E11: =B11 - 'kwiecień2021'!$K$1 -> 5432.2 | F11: =C11-B11 -> 7023.8 | N11: =IF(F11 > 0, LOG10(F11),0) -> 3.8465721
A12: 44317 | B12: =SUM('maj2021'!$B$3:$B$101) -> 19423 | C12: =SUM('maj2021'!$F$3:$F$24) -> 20368.8 | D12: =MINUS(C12 + 'maj2021'!$H$3, $B12) -> 56586.29 | E12: =B12 - 'maj2021'!$K$1 -> 11945 | F12: =C12-B12 -> 945.8 | N12: =IF(F12 > 0, LOG10(F12),0) -> 2.9757993
A13: 44348 | B13: =SUM(czerwiec2021!$B$3:$B$101) -> 16507 | C13: =SUM(czerwiec2021!$F$3:$F$24) -> 25066 | D13: =MINUS(C13 + czerwiec2021!$H$3, $B13) -> 65145.29 | E13: =B13 - czerwiec2021!$K$1 -> 5630 | F13: =C13-B13 -> 8559 | N13: =IF(F13 > 0, LOG10(F13),0) -> 3.932423
A14: 44378 | B14: =SUM(lipiec2021!$B$3:$B$101) -> 14228 | C14: =SUM(lipiec2021!$F$3:$F$24) -> 20368 | D14: =MINUS(C14 + lipiec2021!$H$3, $B14) -> 71285.29 | E14: =B14 - lipiec2021!$K$1 -> 4342 | F14: =C14-B14 -> 6140 | N14: =IF(F14 > 0, LOG10(F14),0) -> 3.7881684
A15: 44409 | B15: =SUM('sierpień2021'!$B$3:$B$101) -> 17061 | C15: =SUM('sierpień2021'!$F$3:$F$24) -> 19750 | D15: =MINUS(C15 + 'sierpień2021'!$H$3, $B15) -> 73974.29 | E15: =B15 - 'sierpień2021'!$K$1 -> 8823 | F15: =C15-B15 -> 2689 | N15: =IF(F15 > 0, LOG10(F15),0) -> 3.4295908
A16: 44440 | B16: =SUM('wrzesień2021'!$B$3:$B$101) -> 16055 | C16: =SUM('wrzesień2021'!$F$3:$F$24) -> 17527 | D16: =MINUS(C16 + 'wrzesień2021'!$H$3, $B16) -> 75446.29 | E16: =B16 - 'wrzesień2021'!$K$1 -> 8672 | F16: =C16-B16 -> 1472 | N16: =IF(F16 > 0, LOG10(F16),0) -> 3.1679078
A17: 44470 | B17: =SUM('październik2021'!$B$3:$B$101) -> 19628 | C17: =SUM('październik2021'!$F$3:$F$24) -> 19710 | D17: =MINUS(C17 + 'październik2021'!$H$3, $B17) -> 75528.29 | E17: =B17 - 'październik2021'!$K$1 -> 12018 | F17: =C17-B17 -> 82 | N17: =IF(F17 > 0, LOG10(F17),0) -> 1.9138139
A18: 44501 | B18: =SUM(listopad2021!$B$3:$B$101) -> 16500 | C18: =SUM(listopad2021!$F$3:$F$24) -> 18304 | D18: =MINUS(C18 + listopad2021!$H$3, $B18) -> 77332.29 | E18: =B18 - listopad2021!$K$1 -> 10148 | F18: =C18-B18 -> 1804 | N18: =IF(F18 > 0, LOG10(F18),0) -> 3.2562365
A19: 44531 | B19: =SUM('grudzień2021'!$B$3:$B$101) -> 22346 | C19: =SUM('grudzień2021'!$F$3:$F$24) -> 22032 | D19: =MINUS(C19 + 'grudzień2021'!$H$3, $B19) -> 77018.29 | E19: =B19 - 'grudzień2021'!$K$1 -> 13499 | F19: =C19-B19 -> -314 | N19: =IF(F19 > 0, LOG10(F19),0) -> 0
A20: 44562 | B20: =SUM('styczeń2022'!$B$3:$B$100) -> 20011 | C20: =SUM('styczeń2022'!$F$3:$F$24) -> 23873 | D20: =MINUS(C20 + 'styczeń2022'!$H$3, $B20) -> 80880.29 | E20: =B20 - 'styczeń2022'!$K$1 -> 9765 | F20: =C20-B20 -> 3862 | N20: =IF(F20 > 0, LOG10(F20),0) -> 3.5868123
A21: 44593 | B21: =SUM(luty2022!$B$3:$B$100) -> 26135 | C21: =SUM(luty2022!$F$3:$F$24) -> 21708 | D21: =MINUS(C21 + luty2022!$H$3, $B21) -> 76453.29 | E21: =B21 - luty2022!$K$1 -> 17483 | F21: =C21-B21 -> -4427 | N21: =IF(F21 > 0, LOG10(F21),0) -> 0
A22: 44622 | B22: =SUM(marzec2022!$B$3:$B$100) -> 13063 | C22: =SUM(marzec2022!$F$3:$F$24) -> 16800 | D22: =MINUS(C22 + marzec2022!$H$3, $B22) -> 80190.29 | E22: =B22 - marzec2022!$K$1 -> 6001 | F22: =C22-B22 -> 3737 | N22: =IF(F22 > 0, LOG10(F22),0) -> 3.5725231
A23: 44654 | B23: =SUM('kwiecień2022'!$B$3:$B$100) -> 18726 | C23: =SUM('kwiecień2022'!$F$3:$F$24) -> 21050 | D23: =MINUS(C23 + 'kwiecień2022'!$H$3, $B23) -> 82514.29 | E23: =B23 - 'kwiecień2022'!$K$1 -> 12331 | F23: =C23-B23 -> 2324 | N23: =IF(F23 > 0, LOG10(F23),0) -> 3.3662361
A24: 44682 | B24: =SUM('maj2022'!$B$3:$B$100) -> 41614 | C24: =SUM('maj2022'!$F$3:$F$24) -> 18236 | D24: =MINUS(C24 + 'maj2022'!$H$3, $B24) -> 59136.29 | E24: =B24 - 'maj2022'!$K$1 -> 34112 | F24: =C24-B24 -> -23378 | N24: =IF(F24 > 0, LOG10(F24),0) -> 0
A25: czerwiec2022 | B25: =SUM(czerwiec2022!$B$3:$B$100) -> 14297 | C25: =SUM(czerwiec2022!$F$3:$F$24) -> 22880 | D25: =MINUS(C25 + czerwiec2022!$H$3, $B25) -> 67719.29 | E25: =B25 - czerwiec2022!$K$1 -> 7149 | F25: =C25-B25 -> 8583 | N25: =IF(F25 > 0, LOG10(F25),0) -> 3.9336391
A26: lipiec2022 | B26: =SUM(lipiec2022!$B$3:$B$100) -> 18695.29 | C26: =SUM(lipiec2022!$F$3:$F$24) -> 23464 | D26: =MINUS(C26 + lipiec2022!$H$3, $B26) -> 72488 | E26: =B26 - lipiec2022!$K$1 -> 11830.29 | F26: =C26-B26 -> 4768.71 | N26: =IF(F26 > 0, LOG10(F26),0) -> 3.6784009
A27: sierpien2022 | B27: =SUM(sierpien2022!$B$3:$B$96) -> 22741 | C27: =SUM(sierpien2022!$F$3:$F$24) -> 23489 | D27: =MINUS(C27 + sierpien2022!$H$3, $B27) -> 73236 | E27: =B27 - sierpien2022!$K$1 -> 16055 | F27: =C27-B27 -> 748 | N27: =IF(F27 > 0, LOG10(F27),0) -> 2.8739016
A28: wrzesien2022 | B28: =SUM(wrzesien2022!$B$3:$B$100) -> 16497 | C28: =SUM(wrzesien2022!$F$3:$F$24) -> 23099 | D28: =MINUS(C28 + wrzesien2022!$H$3, $B28) -> 79838 | E28: =B28 - wrzesien2022!$K$1 -> 7691 | F28: =C28-B28 -> 6602 | N28: =IF(F28 > 0, LOG10(F28),0) -> 3.8196755
A29: pazdziernik2022 | B29: =SUM(pazdziernik2022!$B$3:$B$100) -> 17791 | C29: =SUM(pazdziernik2022!$F$3:$F$24) -> 26340 | D29: =MINUS(C29 + pazdziernik2022!$H$3, $B29) -> 88387 | E29: =B29 - pazdziernik2022!$K$1 -> 9148 | F29: =C29-B29 -> 8549 | N29: =IF(F29 > 0, LOG10(F29),0) -> 3.9319153
A30: listopad2022 | B30: =SUM(listopad2022!$B$3:$B$100) -> 17998 | C30: =SUM(listopad2022!$F$3:$F$24) -> 22111 | D30: =MINUS(C30 + listopad2022!$H$3, $B30) -> 92500 | E30: =B30 - listopad2022!$K$1 -> 8419 | F30: =C30-B30 -> 4113 | N30: =IF(F30 > 0, LOG10(F30),0) -> 3.6141587
A31: grudzien2022 | B31: =SUM(grudzien2022!$B$3:$B$97) -> 54198 | C31: =SUM(grudzien2022!$F$3:$F$23) -> 32258 | D31: =MINUS(C31 + grudzien2022!$H$3, $B31) -> 70560 | E31: =B31 - grudzien2022!$K$1 -> 39878.51 | F31: =C31-B31 -> -21940 | N31: =IF(F31 > 0, LOG10(F31),0) -> 0
A32: styczen2023 | B32: =SUM(styczen2023!$B$3:$B$97) -> 24603 | C32: =SUM(styczen2023!$F$3:$F$23) -> 53932 | D32: =MINUS(C32 + styczen2023!$H$3, $B32) -> 99889 | E32: =B32 - styczen2023!$K$1 -> 13512 | F32: =C32-B32 -> 29329 | N32: =IF(F32 > 0, LOG10(F32),0) -> 4.4672973
A33: luty2023 | B33: =SUM(luty2023!$B$3:$B$97) -> 28398.33 | C33: =SUM(luty2023!$F$3:$F$23) -> 30996 | D33: =MINUS(C33 + luty2023!$H$3, $B33) -> 102486.67 | E33: =B33 - luty2023!$K$1 -> 10162.33 | F33: =C33-B33 -> 2597.67 | N33: =IF(F33 > 0, LOG10(F33),0) -> 3.414584
A34: marzec2023 | B34: =SUM(marzec2023!$B$3:$B$97) -> 16663.32 | C34: =SUM(marzec2023!$F$3:$F$23) -> 9489 | D34: =MINUS(C34 + marzec2023!$H$3, $B34) -> 95312.35 | E34: =B34 - marzec2023!$K$1 -> -22928.32 | F34: =C34-B34 -> -7174.32 | N34: =IF(F34 > 0, LOG10(F34),0) -> 0
A35: kwiecien2023 | B35: =SUM(kwiecien2023!$B$3:$B$97) -> 27464.67 | C35: =SUM(kwiecien2023!$F$3:$F$23) -> 35017 | D35: =MINUS(C35 + kwiecien2023!$H$3, $B35) -> 102864.68 | E35: =B35 - kwiecien2023!$K$1 -> 13609.67 | F35: =C35-B35 -> 7552.33 | N35: =IF(F35 > 0, LOG10(F35),0) -> 3.878081
A36: 45047 | B36: =SUM('maj2023'!$B$3:$B$97) -> 24096 | C36: =SUM('maj2023'!$F$3:$F$23) -> 29293 | D36: =MINUS(C36 + 'maj2023'!$H$3, $B36) -> 108061.68 | E36: =B36 - 'maj2023'!$K$1 -> 13812 | F36: =C36-B36 -> 5197 | N36: =IF(F36 > 0, LOG10(F36),0) -> 3.7157527
A37: 45078 | B37: =SUM(czerwiec2023!$B$3:$B$97) -> 25996 | C37: =SUM(czerwiec2023!$F$3:$F$23) -> 35024 | D37: =MINUS(C37 + czerwiec2023!$H$3, $B37) -> 117089.68 | E37: =B37 - czerwiec2023!$K$1 -> 12442 | F37: =C37-B37 -> 9028 | N37: =IF(F37 > 0, LOG10(F37),0) -> 3.9555915
A38: 45108 | B38: =SUM(lipiec2023!$B$3:$B$97) -> 29459 | C38: =SUM(lipiec2023!$F$3:$F$23) -> 32834 | D38: =MINUS(C38 + lipiec2023!$H$3, $B38) -> 120464.68 | E38: =B38 - lipiec2023!$K$1 -> 16605 | F38: =C38-B38 -> 3375 | N38: =IF(F38 > 0, LOG10(F38),0) -> 3.5282738
A39: 45139 | B39: =SUM(sierpien2023!$B$3:$B$97) -> 32271.91 | C39: =SUM(sierpien2023!$F$3:$F$23) -> 39306.23 | D39: =MINUS(C39 + sierpien2023!$H$3, $B39) -> 127499 | E39: =B39 - sierpien2023!$K$1 -> 17426.91 | F39: =C39-B39 -> 7034.32 | N39: =IF(F39 > 0, LOG10(F39),0) -> 3.8472221
A40: 45170 | B40: =SUM(wrzesien2023!$B$3:$B$97) -> 27495 | C40: =SUM(wrzesien2023!$F$3:$F$23) -> 33517 | D40: =MINUS(C40 + wrzesien2023!$H$3, $B40) -> 133521 | E40: =B40 - wrzesien2023!$K$1 -> 13273 | F40: =C40-B40 -> 6022 | N40: =IF(F40 > 0, LOG10(F40),0) -> 3.7797408
A41: 45201 | B41: =SUM(pazdziernik2023!$B$3:$B$97) -> 31846 | C41: =SUM(pazdziernik2023!$F$3:$F$23) -> 22078 | D41: =MINUS(C41 + pazdziernik2023!$H$3, $B41) -> 123753 | E41: =B41 - pazdziernik2023!$K$1 -> 19761 | F41: =C41-B41 -> -9768 | N41: =IF(F41 > 0, LOG10(F41),0) -> 0
A42: 45231 | B42: =SUM(listopad2023!$B$3:$B$97) -> 32665 | C42: =SUM(listopad2023!$F$3:$F$23) -> 41338 | D42: =MINUS(C42 + listopad2023!$H$3, $B42) -> 132426 | E42: =B42 - listopad2023!$K$1 -> 16548 | F42: =C42-B42 -> 8673 | N42: =IF(F42 > 0, LOG10(F42),0) -> 3.9381693
A43: 45261 | B43: =SUM(grudzien2023!$B$3:$B$97) -> 32752 | C43: =SUM(grudzien2023!$F$3:$F$23) -> 35631 | D43: =MINUS(C43 + grudzien2023!$H$3, $B43) -> 135305 | E43: =B43 - listopad2023!$K$1 -> 16635 | F43: =C43-B43 -> 2879 | N43: =IF(F43 > 0, LOG10(F43),0) -> 3.4592417
A44: 45292 | B44: =SUM(styczen2024!$B$3:$B$97) -> 32651 | C44: =SUM(styczen2024!$F$3:$F$23) -> 32785 | D44: =MINUS(C44 + styczen2024!$H$3, $B44) -> 135439 | E44: =B44 - styczen2024!$K$1 -> 16153 | F44: =C44-B44 -> 134 | N44: =IF(F44 > 0, LOG10(F44),0) -> 2.1271048
A45: 45323 | B45: =SUM(luty2024!$B$3:$B$130) -> 34339 | C45: =SUM(luty2024!$F$3:$F$23) -> 40185 | D45: =MINUS(C45 + luty2024!$H$3, $B45) -> 141285 | E45: =B45 - luty2024!$K$1 -> 17105 | F45: =C45-B45 -> 5846 | N45: =IF(F45 > 0, LOG10(F45),0) -> 3.7668588
A46: 45352 | B46: =SUM(marzec2024!$B$3:$B$127) -> 26214 | C46: =SUM(marzec2024!$F$3:$F$23) -> 36373 | D46: =MINUS(C46 + marzec2024!$H$3, $B46) -> 151444 | E46: =B46 - marzec2024!$K$1 -> 11634 | F46: =C46-B46 -> 10159 | N46: =IF(F46 > 0, LOG10(F46),0) -> 4.006851
A47: 45383 | B47: =SUM(kwiecien2024!$B$3:$B$130) -> 30442 | C47: =SUM(kwiecien2024!$F$3:$F$23) -> 33948 | D47: =MINUS(C47 + kwiecien2024!$H$3, $B47) -> 154950 | E47: =B47 - kwiecien2024!$K$1 -> 15889 | F47: =C47-B47 -> 3506 | N47: =IF(F47 > 0, LOG10(F47),0) -> 3.5448119
A48: 45413 | B48: =SUM('maj2024'!$B$3:$B$128) -> 22998 | C48: =SUM('maj2024'!$F$3:$F$23) -> 12792 | D48: =MINUS(C48 + 'maj2024'!$H$3, $B48) -> 144744 | E48: =B48 - 'maj2024'!$K$1 -> 9339.22 | F48: =C48-B48 -> -10206 | N48: =IF(F48 > 0, LOG10(F48),0) -> 0
A49: 45444 | B49: =SUM(czerwiec2024!$B$3:$B$130) -> 22819 | C49: =SUM(czerwiec2024!$F$3:$F$23) -> 35307 | D49: =MINUS(C49 + czerwiec2024!$H$3, $B49) -> 157232 | E49: =B49 - czerwiec2024!$K$1 -> 7985 | F49: =C49-B49 -> 12488 | N49: =IF(F49 > 0, LOG10(F49),0) -> 4.0964929
A50: 45474 | B50: =SUM(lipiec2024!$B$3:$B$130) -> 27721.03 | C50: =SUM(lipiec2024!$F$3:$F$23) -> 30967 | D50: =MINUS(C50 + lipiec2024!$H$3, $B50) -> 160477.97 | E50: =B50 - lipiec2024!$K$1 -> 13034 | F50: =C50-B50 -> 3245.97 | N50: =IF(F50 > 0, LOG10(F50),0) -> 3.5113445
A51: 45505 | B51: =SUM(sierpien2024!$B$3:$B$130) -> 28196.33 | C51: =SUM(sierpien2024!$F$3:$F$23) -> 35307 | D51: =MINUS(C51 + sierpien2024!$H$3, $B51) -> 167588.64 | E51: =B51 - sierpien2024!$K$1 -> 12221.33 | F51: =C51-B51 -> 7110.67 | N51: =IF(F51 > 0, LOG10(F51),0) -> 3.8519105
A52: 45536 | B52: =SUM(wrzesien2024!$B$3:$B$130) -> 27350.55 | C52: =SUM(wrzesien2024!$F$3:$F$23) -> 36211 | D52: =MINUS(C52 + wrzesien2024!$H$3, $B52) -> 176449.09 | E52: =B52 - wrzesien2024!$K$1 -> 11600.55 | F52: =C52-B52 -> 8860.45 | N52: =IF(F52 > 0, LOG10(F52),0) -> 3.9474558
A53: 45566 | B53: =SUM(pazdziernik2024!$B$3:$B$130) -> 24132 | C53: =SUM(pazdziernik2024!$F$3:$F$23) -> 32269 | D53: =MINUS(C53 + pazdziernik2024!$H$3, $B53) -> 184586.09 | E53: =B53 - pazdziernik2024!$K$1 -> 10019 | F53: =C53-B53 -> 8137 | N53: =IF(F53 > 0, LOG10(F53),0) -> 3.9104643
A54: 45597 | B54: =SUM(listopad2024!$B$3:$B$130) -> 38178.5 | C54: =SUM(listopad2024!$F$3:$F$23) -> 36109.11 | D54: =MINUS(C54 + listopad2024!$H$3, $B54) -> 182516.7 | E54: =B54 - listopad2024!$K$1 -> 23139.5 | F54: =C54-B54 -> -2069.39 | N54: =IF(F54 > 0, LOG10(F54),0) -> 0
A55: 45627 | B55: =SUM(grudzien2024!$B$3:$B$126) -> 41229.34 | C55: =SUM(grudzien2024!$F$3:$F$23) -> 31517 | D55: =MINUS(C55 + grudzien2024!$H$3, $B55) -> 172804.36 | E55: =B55 - grudzien2024!$K$1 -> 27602.41 | F55: =C55-B55 -> -9712.34 | N55: =IF(F55 > 0, LOG10(F55),0) -> 0
A56: 45658 | B56: =SUM(styczen2025!$B$3:$B$126) -> 28249.57 | C56: =SUM(styczen2025!$F$3:$F$23) -> 29217.42 | D56: =MINUS(C56 + styczen2025!$H$3, $B56) -> 173772.21 | E56: =B56 - styczen2025!$K$1 -> 16665.24 | F56: =C56-B56 -> 967.85 | N56: =IF(F56 > 0, LOG10(F56),0) -> 2.9858081
A57: 45690 | B57: =SUM(luty2025!$B$3:$B$126) -> 33915.77 | C57: =SUM(luty2025!$F$3:$F$23) -> 34143.57 | D57: =MINUS(C57 + luty2025!$H$3, $B57) -> 174000.01 | E57: =B57 - luty2025!$K$1 -> 27982.87 | F57: =C57-B57 -> 227.8 | N57: =IF(F57 > 0, LOG10(F57),0) -> 2.3575537
A58: 45717 | B58: =SUM(marzec2025!$B$3:$B$126) -> 36870.38 | C58: =SUM(marzec2025!$F$3:$F$23) -> 32016 | D58: =MINUS(C58 + marzec2025!$H$3, $B58) -> 169145.63 | E58: =B58 - marzec2025!$K$1 -> 23835.23 | F58: =C58-B58 -> -4854.38 | N58: =IF(F58 > 0, LOG10(F58),0) -> 0
A59: 45749 | B59: =SUM(kwiecien2025!$B$3:$B$126) -> 28147.69 | C59: =SUM(kwiecien2025!$F$3:$F$23) -> 0 | D59: =MINUS(C59 + kwiecien2025!$H$3, $B59) -> 140997.94 | E59: =B59 - kwiecien2025!$K$1 -> 18871.54 | F59: =C59-B59 -> -28147.69 | N59: =IF(F59 > 0, LOG10(F59),0) -> 0
A60: 45780 | B60: =SUM('maj2025'!$B$3:$B$114) -> 23756.11 | C60: =SUM('maj2025'!$F$3:$F$23) -> 34640 | D60: =MINUS(C60 + 'maj2025'!$H$3, $B60) -> 151881.83 | E60: =B60 - 'maj2025'!$K$1 -> 12970.94 | F60: =C60-B60 -> 10883.89 | N60: =IF(F60 > 0, LOG10(F60),0) -> 4.0367841
A61: 45809 | B61: =SUM(czerwiec2025!$B$3:$B$114) -> 27430.62 | C61: =SUM(czerwiec2025!$F$3:$F$23) -> 35649 | D61: =MINUS(C61 + czerwiec2025!$H$3, $B61) -> 160100.21 | E61: =B61 - czerwiec2025!$K$1 -> 11489.91 | F61: =C61-B61 -> 8218.38 | N61: =IF(F61 > 0, LOG10(F61),0) -> 3.9147862
A62: 45840 | B62: =SUM(lipiec2025!$B$3:$B$114) -> 35727.13 | C62: =SUM(lipiec2025!$F$3:$F$23) -> 34535 | D62: =MINUS(C62 + lipiec2025!$H$3, $B62) -> 158908.08 | E62: =B62 - lipiec2025!$K$1 -> 21801.39 | F62: =C62-B62 -> -1192.13 | N62: =IF(F62 > 0, LOG10(F62),0) -> 0
A63: 45872 | B63: =SUM(sierpien2025!$B$3:$B$114) -> 30514.24 | C63: =SUM(sierpien2025!$F$3:$F$23) -> 30467 | D63: =MINUS(C63 + sierpien2025!$H$3, $B63) -> 158860.84 | E63: =B63 - sierpien2025!$K$1 -> 15413.49 | F63: =C63-B63 -> -47.24 | N63: =IF(F63 > 0, LOG10(F63),0) -> 0
A64: 45903 | B64: =SUM(wrzesien2025!$B$3:$B$114) -> 27317.62 | C64: =SUM(wrzesien2025!$F$3:$F$23) -> 32914 | D64: =MINUS(C64 + wrzesien2025!$H$3, $B64) -> 164457.22 | E64: =B64 - wrzesien2025!$K$1 -> 12828.87 | F64: =C64-B64 -> 5596.38 | N64: =IF(F64 > 0, LOG10(F64),0) -> 3.7479072
A65: 45933 | B65: =SUM(pazdziernik2025!$B$3:$B$114) -> 8375.51 | C65: =SUM(pazdziernik2025!$F$3:$F$23) -> 35234 | D65: =MINUS(C65 + pazdziernik2025!$H$3, $B65) -> 191315.71 | E65: =B65 - pazdziernik2025!$K$1 -> 5932.51 | F65: =C65-B65 -> 26858.49 | N65: =IF(F65 > 0, LOG10(F65),0) -> 4.4290816

Sheet pazdziernik2025
E1: Przychody | H1: Stan konta na początku miesiąca | J1: Koszty stałe | K1: =SUM(J3:J991) -> 2443
A2: kategoria | B2: kwota | C2: opis | D2: data
E3: sml | F3: 35234 | H3: =Zbiorczy!D64 -> 164457.22 | J3: =SUMIF($A$3:A$197, K3, B$3:B$197) -> 0 | K3: zus | M3: =SUMIF($A$3:A$197, N3, B$3:B$197) -> 416.27 | N3: biedronka | R3: kategoria | S3: kwota | T3: opis | U3: data
A4: przejazdy | B4: 5 | C4: Nazwa odbiorcy: MOBILE-TRAFFIC-DATA SP. Z O. O. Adres odbiorcy: UL. DRUŻBICKIEGO 11 61-693 POZNAŃ Tytuł: ZAKUP BILETU KOMUNIKACYJNEGO W APLI KACJI IKO Referencje własne zleceniodawcy: 176171147909 (5.00 PLN) | D4: 45943 | E4: skąd? | J4: =SUMIF($A$3:A$197, K4, B$3:B$197) -> 0 | K4: PIT36 | M4: =SUMIF($A$3:A$197, N4, B$3:B$197) -> 10.5 | N4: żabka | R4: kawa | S4: 23.9 | T4: Tytuł: 74838495271331029792336 Lokalizacja: Adres: PL SBX POZNAN KAPONIERA Miasto: POZNAN Kraj: POLSKA Data wykonania operacji: 2025-09-28 02:00 Oryginalna kwota operacji: 23.90 Numer karty: 425125******0264 (23.90 PLN) | U4: 45930
A5: przejazdy | B5: 5 | C5: Nazwa odbiorcy: MOBILE-TRAFFIC-DATA SP. Z O. O. Adres odbiorcy: UL. DRUŻBICKIEGO 11 61-693 POZNAŃ Tytuł: ZAKUP BILETU KOMUNIKACYJNEGO W APLI KACJI IKO Referencje własne zleceniodawcy: 176170813393 (5.00 PLN) | D5: 45943 | E5: sml prezent | J5: =SUMIF($A$3:A$197, K5, B$3:B$197) -> 0 | K5: VAT | M5: =SUMIF($A$3:A$197, N5, B$3:B$197) -> 2805.45 | N5: auto | R5: kawa | S5: 36 | T5: Tytuł: 74838495271330989542053 Lokalizacja: Adres: AGRAWKA Miasto: POZNAN Kraj: POLSKA Data wykonania operacji: 2025-09-28 02:00 Oryginalna kwota operacji: 36.00 Numer karty: 425125******0264 (36.00 PLN) | U5: 45930
A6: biedronka | B6: 15.48 | C6: Tytuł: 000498849 74230785285177549416712 Lokalizacja: Adres: NETTO 5304 SCO K.3 Miasto: POZNAN Kraj: POLSKA Data wykonania operacji: 2025-10-11 02:00 Oryginalna kwota operacji: 15.48 Numer karty: 425125******0264 (15.48 PLN) | D6: 45943 | J6: =SUMIF($A$3:A$197, K6, B$3:B$197) -> 2443 | K6: mieszkanie | M6: =SUMIF($A$3:A$197, N6, B$3:B$197) -> 0 | N6: paliwo | R6: mieszkanie | S6: 320 | T6: Rachunek odbiorcy: 73 1090 2372 0000 0001 1332 9442 Nazwa odbiorcy: MARTA SZCZYGIEŁ Tytuł: PRZELEW NA TELEFON OD: 48796555364 DO: 486*****967 (320.00 PLN) | U6: 45929
A7: biedronka | B7: 26 | C7: Tytuł: 000498849 74230785285177534219758 Lokalizacja: Adres: STRONA Miasto: POZNAN Kraj: POLSKA Data wykonania operacji: 2025-10-11 02:00 Oryginalna kwota operacji: 26.00 Numer karty: 425125******0264 (26.00 PLN) | D7: 45943 | J7: =SUMIF($A$3:A$197, K7, B$3:B$197) -> 0 | K7: kredyt | M7: =SUMIF($A$3:A$197, N7, B$3:B$197) -> 1673.64 | N7: fun | R7: przejazdy | S7: 5 | T7: Nazwa odbiorcy: MOBILE-TRAFFIC-DATA SP. Z O. O. Adres odbiorcy: UL. DRUŻBICKIEGO 11 61-693 POZNAŃ Tytuł: ZAKUP BILETU KOMUNIKACYJNEGO W APLI KACJI IKO Referencje własne zleceniodawcy: 176117332131 (5.00 PLN) | U7: 45929
A8: biuro | B8: 18.9 | C8: Tytuł: 010061097 74169505284622844453512 Lokalizacja: Adres: FHU OFFICE ART SCHOOL SC Miasto: POZNAN Kraj: POLSKA Data wykonania operacji: 2025-10-11 02:00 Oryginalna kwota operacji: 18.90 Numer karty: 425125******0264 (18.90 PLN) | D8: 45943 | M8: =SUMIF($A$3:A$197, N8, B$3:B$197) -> 2805.45 | N8: auto | R8: przejazdy | S8: 5 | T8: Nazwa odbiorcy: MOBILE-TRAFFIC-DATA SP. Z O. O. Adres odbiorcy: UL. DRUŻBICKIEGO 11 61-693 POZNAŃ Tytuł: ZAKUP BILETU KOMUNIKACYJNEGO W APLI KACJI IKO Referencje własne zleceniodawcy: 176117028129 (5.00 PLN) | U8: 45929
A9: fun | B9: 129.99 | C9: Tytuł: 010066928 74056285284109308718312 Lokalizacja: Adres: APPLE.COM/BILL Miasto: APPLE.COM/BIL Kraj: IRLANDIA Data wykonania operacji: 2025-10-11 02:00 Oryginalna kwota operacji: 129.99 Numer karty: 425125******0264 (129.99 PLN) | D9: 45943 | M9: =SUMIF($A$3:A$197, N9, B$3:B$197) -> 0 | N9: restauracje | R9: restauracje | S9: 33 | T9: Tytuł: 010046551 74230105270060695629718 Lokalizacja: Adres: PATILA DONER KEBAP Miasto: WARSZAWA Kraj: POLSKA Data wykonania operacji: 2025-09-27 02:00 Oryginalna kwota operacji: 33.00 Numer karty: 425125******0264 (33.00 PLN) | U9: 45929
A10: biedronka | B10: 4.5 | C10: Tytuł: 010061097 74169505283652832785030 Lokalizacja: Adres: FABRYKA FORMY POZNAN BALT Miasto: POZNAN Kraj: POLSKA Data wykonania operacji: 2025-10-10 02:00 Oryginalna kwota operacji: 4.50 Numer karty: 425125******0264 (4.50 PLN) | D10: 45942 | R10: kawa | S10: 22 | T10: Tytuł: 74838495270330831227797 Lokalizacja: Adres: ALL GOOD S.A. KAWIARNIA Miasto: WARSZAWA Kraj: POLSKA Data wykonania operacji: 2025-09-27 02:00 Oryginalna kwota operacji: 22.00 Numer karty: 425125******0264 (22.00 PLN) | U10: 45929
A11: biedronka | B11: 25 | C11: Tytuł: 010061097 74169505283652832784975 Lokalizacja: Adres: FABRYKA FORMY POZNAN BALT Miasto: POZNAN Kraj: POLSKA Data wykonania operacji: 2025-10-10 02:00 Oryginalna kwota operacji: 25.00 Numer karty: 425125******0264 (25.00 PLN) | D11: 45942 | R11: biedronka | S11: 59.98 | T11: Tytuł: 74838495270330948540132 Lokalizacja: Adres: ME M03 02 Miasto: POZNAN Kraj: POLSKA Data wykonania operacji: 2025-09-27 02:00 Oryginalna kwota operacji: 59.98 Numer karty: 425125******0264 (59.98 PLN) | U11: 45929
A12: kawa | B12: 75 | C12: Tytuł: 74810315283172414272346 Lokalizacja: Adres: Mowish Mash Miasto: Poznan Kraj: POLSKA Data wykonania operacji: 2025-10-10 02:00 Oryginalna kwota operacji: 75.00 Numer karty: 425125******0264 (75.00 PLN) | D12: 45942 | R12: biedronka | S12: 376.72 | T12: Tytuł: 74838495271330946294426 Lokalizacja: Adres: LIDL GLOGOWSKA Miasto: Poznan Kraj: POLSKA Data wykonania operacji: 2025-09-27 02:00 Oryginalna kwota operacji: 376.72 Numer karty: 425125******0264 (376.72 PLN) | U12: 45929
A13: fun | B13: 18 | C13: Tytuł: 74810315283172414782427 Lokalizacja: Adres: Maselko Miasto: Poznan Kraj: POLSKA Data wykonania operacji: 2025-10-10 02:00 Oryginalna kwota operacji: 18.00 Numer karty: 425125******0264 (18.00 PLN) | D13: 45942 | R13: kawa | S13: 51 | T13: Tytuł: 74838495270330817887705 Lokalizacja: Adres: ALL GOOD S.A. KAWIARNIA Miasto: WARSZAWA Kraj: POLSKA Data wykonania operacji: 2025-09-27 02:00 Oryginalna kwota operacji: 51.00 Numer karty: 425125******0264 (51.00 PLN) | U13: 45929
A14: fun | B14: 20.99 | C14: Tytuł: 010059127 74062945282143299379290 Lokalizacja: Adres: www.inpost.pl Miasto: KRAKOW Kraj: POLSKA Data wykonania operacji: 2025-10-09 02:00 Oryginalna kwota operacji: 20.99 Numer karty: 425125******0264 (20.99 PLN) | D14: 45941 | R14: auto | S14: 4.5 | T14: Tytuł: 74810315270171203357685 Lokalizacja: Adres: WARS Automat vendingowy Miasto: Warszawa Kraj: POLSKA Data wykonania operacji: 2025-09-27 02:00 Oryginalna kwota operacji: 4.50 Numer karty: 425125******0264 (4.50 PLN) | U14: 45929
A15: biedronka | B15: 25 | C15: Tytuł: 000498849 74230785282177354256305 Lokalizacja: Adres: STRONA Miasto: POZNAN Kraj: POLSKA Data wykonania operacji: 2025-10-09 02:00 Oryginalna kwota operacji: 25.00 Numer karty: 425125******0264 (25.00 PLN) | D15: 45941 | R15: auto | S15: 4.5 | T15: Tytuł: 74810315270171203487599 Lokalizacja: Adres: WARS Automat vendingowy Miasto: Warszawa Kraj: POLSKA Data wykonania operacji: 2025-09-27 02:00 Oryginalna kwota operacji: 4.50 Numer karty: 425125******0264 (4.50 PLN) | U15: 45929
A16: żabka | B16: 6 | C16: Tytuł: 000498849 74230785282177375805239 Lokalizacja: Adres: ZABKA Z0685 K.1 Miasto: POZNAN Kraj: POLSKA Data wykonania operacji: 2025-10-09 02:00 Oryginalna kwota operacji: 6.00 Numer karty: 425125******0264 (6.00 PLN) | D16: 45941 | R16: kawa | S16: 129 | T16: Tytuł: 74838495269330672967710 Lokalizacja: Adres: ALL GOOD S.A. KAWIARNIA Miasto: WARSZAWA Kraj: POLSKA Data wykonania operacji: 2025-09-26 02:00 Oryginalna kwota operacji: 129.00 Numer karty: 425125******0264 (129.00 PLN) | U16: 45928
A17: biedronka | B17: 54.85 | C17: Tytuł: 000498849 74230785283177400441306 Lokalizacja: Adres: NETTO 5304 SCO K.3 Miasto: POZNAN Kraj: POLSKA Data wykonania operacji: 2025-10-09 02:00 Oryginalna kwota operacji: 54.85 Numer karty: 425125******0264 (54.85 PLN) | D17: 45941 | R17: żabka | S17: 7.49 | T17: Tytuł: 000498849 74230785269176550658733 Lokalizacja: Adres: ZABKA ZE578 K.2 Miasto: WARSZAWA Kraj: POLSKA Data wykonania operacji: 2025-09-26 02:00 Oryginalna kwota operacji: 7.49 Numer karty: 425125******0264 (7.49 PLN) | U17: 45928
A18: biedronka | B18: 23.18 | C18: Tytuł: 000498849 74230785283177398596624 Lokalizacja: Adres: NETTO 5304 SCO K.2 Miasto: POZNAN Kraj: POLSKA Data wykonania operacji: 2025-10-09 02:00 Oryginalna kwota operacji: 23.18 Numer karty: 425125******0264 (23.18 PLN) | D18: 45941 | R18: kawa | S18: 18 | T18: Tytuł: 74838495269330664839331 Lokalizacja: Adres: ALL GOOD S.A. KAWIARNIA Miasto: WARSZAWA Kraj: POLSKA Data wykonania operacji: 2025-09-26 02:00 Oryginalna kwota operacji: 18.00 Numer karty: 425125******0264 (18.00 PLN) | U18: 45928
A19: auto | B19: 73.67 | C19: Tytuł: 74988855281401316671161 Lokalizacja: Adres: JMIDF SP.Z.O.O.HEBE R052 Miasto: POZNAN Kraj: POLSKA Data wykonania operacji: 2025-10-08 02:00 Oryginalna kwota operacji: 73.67 Numer karty: 425125******0264 (73.67 PLN) | D19: 45940 | R19: fun | S19: 24 | T19: Tytuł: 74838495269330751459829 Lokalizacja: Adres: LOUVRE HOTELS GROUP 01 Miasto: Warszawa Kraj: POLSKA Data wykonania operacji: 2025-09-26 02:00 Oryginalna kwota operacji: 24.00 Numer karty: 425125******0264 (24.00 PLN) | U19: 45928
A20: rossman | B20: 16.97 | C20: Tytuł: 74838495282332376331253 Lokalizacja: Adres: ROSSMANN 11 Miasto: Poznan Kraj: POLSKA Data wykonania operacji: 2025-10-08 02:00 Oryginalna kwota operacji: 16.97 Numer karty: 425125******0264 (16.97 PLN) | D20: 45940 | R20: restauracje | S20: 32 | T20: Tytuł: 000498849 74230785269176569428417 Lokalizacja: Adres: TADIM DONER GRILL Miasto: WARSZAWA Kraj: POLSKA Data wykonania operacji: 2025-09-26 02:00 Oryginalna kwota operacji: 32.00 Numer karty: 425125******0264 (32.00 PLN) | U20: 45928
A21: fun | B21: 238 | C21: Tytuł: 000498707 74987075281033824464296 Lokalizacja: Adres: oleole.pl Miasto: Warszawa Kraj: POLSKA Data wykonania operacji: 2025-10-07 02:00 Oryginalna kwota operacji: 238.00 Numer karty: 425125******0264 (238.00 PLN) | D21: 45939 | R21: kawa | S21: 36 | T21: Tytuł: 74838495269330652892482 Lokalizacja: Adres: ALL GOOD S.A. KAWIARNIA Miasto: WARSZAWA Kraj: POLSKA Data wykonania operacji: 2025-09-26 02:00 Oryginalna kwota operacji: 36.00 Numer karty: 425125******0264 (36.00 PLN) | U21: 45928
... A46: auto | B46: 2239.72 | C46: BNP Paribas Leasing Services Sp. z o.o. 00-844 Warszawa, ul.Grzybowska 78 40050/10/2025/RL/L | D46: 45932 | R46: restauracje | S46: 94 | T46: Rachunek odbiorcy: 42 1090 1854 0000 0001 3287 4539 Nazwa odbiorcy: ODBIORCA PRZELEWU NA TELEFON Tytuł: PRZELEW NA TELEFON OD: 48796555364 DO: 487*****756 (94.00 PLN) | U46: 45917
R47: przejazdy | S47: 5 | T47: Nazwa odbiorcy: MOBILE-TRAFFIC-DATA SP. Z O. O. Adres odbiorcy: UL. DRUŻBICKIEGO 11 61-693 POZNAŃ Tytuł: ZAKUP BILETU KOMUNIKACYJNEGO W APLI KACJI IKO Referencje własne zleceniodawcy: 176079130729 (5.00 PLN) | U47: 45917
R48: żabka | S48: 10.99 | T48: Tytuł: 000498849 74230785258175820246603 Lokalizacja: Adres: ZABKA Z0685 K.1 Miasto: POZNAN Kraj: POLSKA Data wykonania operacji: 2025-09-15 02:00 Oryginalna kwota operacji: 10.99 Numer karty: 425125******0264 (10.99 PLN) | U48: 45917
R49: biedronka | S49: 73 | T49: Tytuł: 000498849 74230785257175765228195 Lokalizacja: Adres: STRONA Miasto: POZNAN Kraj: POLSKA Data wykonania operacji: 2025-09-14 02:00 Oryginalna kwota operacji: 73.00 Numer karty: 425125******0264 (73.00 PLN) | U49: 45916
R50: biedronka | S50: 5.5 | T50: Tytuł: 010061097 74169505257652570547420 Lokalizacja: Adres: FABRYKA FORMY POZNAN BALT Miasto: POZNAN Kraj: POLSKA Data wykonania operacji: 2025-09-14 02:00 Oryginalna kwota operacji: 5.50 Numer karty: 425125******0264 (5.50 PLN) | U50: 45916
R51: biuro | S51: 25 | T51: Tytuł: 00000090722718578 Numer telefonu: 48796555364 Lokalizacja: Adres: doladowania.t-mobile.pl 'Operacja: 00000090722718578 Numer referencyjny: 00000090722718578 (25.00 PLN) | U51: 45915
R52: kawa | S52: 41 | T52: Tytuł: 010046551 74230105256060365187268 Lokalizacja: Adres: ZIOMAL DARIA JEZEWSKA Miasto: POZNAN Kraj: POLSKA Data wykonania operacji: 2025-09-13 02:00 Oryginalna kwota operacji: 41.00 Numer karty: 425125******0264 (41.00 PLN) | U52: 45915
R53: auto | S53: 14.1 | T53: Tytuł: 000498849 74230785256175687558019 Lokalizacja: Adres: EKO LAND Miasto: POZNAN Kraj: POLSKA Data wykonania operacji: 2025-09-13 02:00 Oryginalna kwota operacji: 14.10 Numer karty: 425125******0264 (14.10 PLN) | U53: 45915
R54: apteka | S54: 43.98 | T54: Tytuł: 010061097 74169505256632566853538 Lokalizacja: Adres: APTEKA Miasto: POZNAN Kraj: POLSKA Data wykonania operacji: 2025-09-13 02:00 Oryginalna kwota operacji: 43.98 Numer karty: 425125******0264 (43.98 PLN) | U54: 45915
R55: auto | S55: 38 | T55: Tytuł: 74838495256328822897972 Lokalizacja: Adres: MARIETTA Miasto: POZNAN Kraj: POLSKA Data wykonania operacji: 2025-09-13 02:00 Oryginalna kwota operacji: 38.00 Numer karty: 425125******0264 (38.00 PLN) | U55: 45915
R56: kawa | S56: 220.99 | T56: Tytuł: 010087885 74987505256000707494044 Lokalizacja: Adres: BsCaffe Grzegorz Bienko Miasto: Stalowa Wola Kraj: POLSKA Data wykonania operacji: 2025-09-13 02:00 Oryginalna kwota operacji: 220.99 Numer karty: 425125******0264 (220.99 PLN) | U56: 45915
R57: auto | S57: 13.5 | T57: Tytuł: 010061097 74463675256622560965085 Lokalizacja: Adres: OKRUSZKI EWA PLANK Miasto: POZNAN Kraj: POLSKA Data wykonania operacji: 2025-09-13 02:00 Oryginalna kwota operacji: 13.50 Numer karty: 425125******0264 (13.50 PLN) | U57: 45915
R58: żabka | S58: 13.98 | T58: Tytuł: 000498849 74230785255175648069719 Lokalizacja: Adres: ZABKA Z0685 K.1 Miasto: POZNAN Kraj: POLSKA Data wykonania operacji: 2025-09-12 02:00 Oryginalna kwota operacji: 13.98 Numer karty: 425125******0264 (13.98 PLN) | U58: 45914
... R115: biuro | S115: 247.1 | T115: P4 Sp. z o.o. ul. Wynalazek 1 02-677 Warszawa F/10176247/09/25 | U115: 45904

Sheet wrzesien2025
E1: Przychody | H1: Stan konta na początku miesiąca | J1: Koszty stałe | K1: =SUM(J3:J991) -> 14488.75
A2: kategoria | B2: kwota | C2: opis | D2: data
A3: kawa | B3: 23.9 | C3: Tytuł: 74838495271331029792336 Lokalizacja: Adres: PL SBX POZNAN KAPONIERA Miasto: POZNAN Kraj: POLSKA Data wykonania operacji: 2025-09-28 02:00 Oryginalna kwota operacji: 23.90 Numer karty: 425125******0264 (23.90 PLN) | D3: 45930 | E3: sml | F3: 32914 | H3: =Zbiorczy!D63 -> 158860.84 | J3: =SUMIF($A$3:A$197, K3, B$3:B$197) -> 3213.25 | K3: zus | M3: =SUMIF($A$3:A$197, N3, B$3:B$197) -> 1001.99 | N3: biedronka | R3: kategoria | S3: kwota | T3: opis | U3: data
A4: kawa | B4: 36 | C4: Tytuł: 74838495271330989542053 Lokalizacja: Adres: AGRAWKA Miasto: POZNAN Kraj: POLSKA Data wykonania operacji: 2025-09-28 02:00 Oryginalna kwota operacji: 36.00 Numer karty: 425125******0264 (36.00 PLN) | D4: 45930 | E4: skąd? | J4: =SUMIF($A$3:A$197, K4, B$3:B$197) -> 3280 | K4: PIT36 | M4: =SUMIF($A$3:A$197, N4, B$3:B$197) -> 115.81 | N4: żabka | R4: kawa | S4: 23.9 | T4: Tytuł: 74838495271331029792336 Lokalizacja: Adres: PL SBX POZNAN KAPONIERA Miasto: POZNAN Kraj: POLSKA Data wykonania operacji: 2025-09-28 02:00 Oryginalna kwota operacji: 23.90 Numer karty: 425125******0264 (23.90 PLN) | U4: 45930
A5: mieszkanie | B5: 320 | C5: Rachunek odbiorcy: 73 1090 2372 0000 0001 1332 9442 Nazwa odbiorcy: MARTA SZCZYGIEŁ Tytuł: PRZELEW NA TELEFON OD: 48796555364 DO: 486*****967 (320.00 PLN) | D5: 45929 | E5: sml prezent | J5: =SUMIF($A$3:A$197, K5, B$3:B$197) -> 5619 | K5: VAT | M5: =SUMIF($A$3:A$197, N5, B$3:B$197) -> 3462.84 | N5: auto | R5: kawa | S5: 36 | T5: Tytuł: 74838495271330989542053 Lokalizacja: Adres: AGRAWKA Miasto: POZNAN Kraj: POLSKA Data wykonania operacji: 2025-09-28 02:00 Oryginalna kwota operacji: 36.00 Numer karty: 425125******0264 (36.00 PLN) | U5: 45930
A6: przejazdy | B6: 5 | C6: Nazwa odbiorcy: MOBILE-TRAFFIC-DATA SP. Z O. O. Adres odbiorcy: UL. DRUŻBICKIEGO 11 61-693 POZNAŃ Tytuł: ZAKUP BILETU KOMUNIKACYJNEGO W APLI KACJI IKO Referencje własne zleceniodawcy: 176117332131 (5.00 PLN) | D6: 45929 | J6: =SUMIF($A$3:A$197, K6, B$3:B$197) -> 2376.5 | K6: mieszkanie | M6: =SUMIF($A$3:A$197, N6, B$3:B$197) -> 897.91 | N6: paliwo | R6: mieszkanie | S6: 320 | T6: Rachunek odbiorcy: 73 1090 2372 0000 0001 1332 9442 Nazwa odbiorcy: MARTA SZCZYGIEŁ Tytuł: PRZELEW NA TELEFON OD: 48796555364 DO: 486*****967 (320.00 PLN) | U6: 45929
A7: przejazdy | B7: 5 | C7: Nazwa odbiorcy: MOBILE-TRAFFIC-DATA SP. Z O. O. Adres odbiorcy: UL. DRUŻBICKIEGO 11 61-693 POZNAŃ Tytuł: ZAKUP BILETU KOMUNIKACYJNEGO W APLI KACJI IKO Referencje własne zleceniodawcy: 176117028129 (5.00 PLN) | D7: 45929 | J7: =SUMIF($A$3:A$197, K7, B$3:B$197) -> 0 | K7: kredyt | M7: =SUMIF($A$3:A$197, N7, B$3:B$197) -> 3594.59 | N7: fun | R7: przejazdy | S7: 5 | T7: Nazwa odbiorcy: MOBILE-TRAFFIC-DATA SP. Z O. O. Adres odbiorcy: UL. DRUŻBICKIEGO 11 61-693 POZNAŃ Tytuł: ZAKUP BILETU KOMUNIKACYJNEGO W APLI KACJI IKO Referencje własne zleceniodawcy: 176117332131 (5.00 PLN) | U7: 45929
A8: restauracje | B8: 33 | C8: Tytuł: 010046551 74230105270060695629718 Lokalizacja: Adres: PATILA DONER KEBAP Miasto: WARSZAWA Kraj: POLSKA Data wykonania operacji: 2025-09-27 02:00 Oryginalna kwota operacji: 33.00 Numer karty: 425125******0264 (33.00 PLN) | D8: 45929 | M8: =SUMIF($A$3:A$197, N8, B$3:B$197) -> 3462.84 | N8: auto | R8: przejazdy | S8: 5 | T8: Nazwa odbiorcy: MOBILE-TRAFFIC-DATA SP. Z O. O. Adres odbiorcy: UL. DRUŻBICKIEGO 11 61-693 POZNAŃ Tytuł: ZAKUP BILETU KOMUNIKACYJNEGO W APLI KACJI IKO Referencje własne zleceniodawcy: 176117028129 (5.00 PLN) | U8: 45929
A9: kawa | B9: 22 | C9: Tytuł: 74838495270330831227797 Lokalizacja: Adres: ALL GOOD S.A. KAWIARNIA Miasto: WARSZAWA Kraj: POLSKA Data wykonania operacji: 2025-09-27 02:00 Oryginalna kwota operacji: 22.00 Numer karty: 425125******0264 (22.00 PLN) | D9: 45929 | M9: =SUMIF($A$3:A$197, N9, B$3:B$197) -> 324.56 | N9: restauracje | R9: restauracje | S9: 33 | T9: Tytuł: 010046551 74230105270060695629718 Lokalizacja: Adres: PATILA DONER KEBAP Miasto: WARSZAWA Kraj: POLSKA Data wykonania operacji: 2025-09-27 02:00 Oryginalna kwota operacji: 33.00 Numer karty: 425125******0264 (33.00 PLN) | U9: 45929
A10: biedronka | B10: 59.98 | C10: Tytuł: 74838495270330948540132 Lokalizacja: Adres: ME M03 02 Miasto: POZNAN Kraj: POLSKA Data wykonania operacji: 2025-09-27 02:00 Oryginalna kwota operacji: 59.98 Numer karty: 425125******0264 (59.98 PLN) | D10: 45929 | R10: kawa | S10: 22 | T10: Tytuł: 74838495270330831227797 Lokalizacja: Adres: ALL GOOD S.A. KAWIARNIA Miasto: WARSZAWA Kraj: POLSKA Data wykonania operacji: 2025-09-27 02:00 Oryginalna kwota operacji: 22.00 Numer karty: 425125******0264 (22.00 PLN) | U10: 45929
A11: biedronka | B11: 376.72 | C11: Tytuł: 74838495271330946294426 Lokalizacja: Adres: LIDL GLOGOWSKA Miasto: Poznan Kraj: POLSKA Data wykonania operacji: 2025-09-27 02:00 Oryginalna kwota operacji: 376.72 Numer karty: 425125******0264 (376.72 PLN) | D11: 45929 | R11: biedronka | S11: 59.98 | T11: Tytuł: 74838495270330948540132 Lokalizacja: Adres: ME M03 02 Miasto: POZNAN Kraj: POLSKA Data wykonania operacji: 2025-09-27 02:00 Oryginalna kwota operacji: 59.98 Numer karty: 425125******0264 (59.98 PLN) | U11: 45929
A12: kawa | B12: 51 | C12: Tytuł: 74838495270330817887705 Lokalizacja: Adres: ALL GOOD S.A. KAWIARNIA Miasto: WARSZAWA Kraj: POLSKA Data wykonania operacji: 2025-09-27 02:00 Oryginalna kwota operacji: 51.00 Numer karty: 425125******0264 (51.00 PLN) | D12: 45929 | R12: biedronka | S12: 376.72 | T12: Tytuł: 74838495271330946294426 Lokalizacja: Adres: LIDL GLOGOWSKA Miasto: Poznan Kraj: POLSKA Data wykonania operacji: 2025-09-27 02:00 Oryginalna kwota operacji: 376.72 Numer karty: 425125******0264 (376.72 PLN) | U12: 45929
A13: auto | B13: 4.5 | C13: Tytuł: 74810315270171203357685 Lokalizacja: Adres: WARS Automat vendingowy Miasto: Warszawa Kraj: POLSKA Data wykonania operacji: 2025-09-27 02:00 Oryginalna kwota operacji: 4.50 Numer karty: 425125******0264 (4.50 PLN) | D13: 45929 | R13: kawa | S13: 51 | T13: Tytuł: 74838495270330817887705 Lokalizacja: Adres: ALL GOOD S.A. KAWIARNIA Miasto: WARSZAWA Kraj: POLSKA Data wykonania operacji: 2025-09-27 02:00 Oryginalna kwota operacji: 51.00 Numer karty: 425125******0264 (51.00 PLN) | U13: 45929
A14: auto | B14: 4.5 | C14: Tytuł: 74810315270171203487599 Lokalizacja: Adres: WARS Automat vendingowy Miasto: Warszawa Kraj: POLSKA Data wykonania operacji: 2025-09-27 02:00 Oryginalna kwota operacji: 4.50 Numer karty: 425125******0264 (4.50 PLN) | D14: 45929 | R14: auto | S14: 4.5 | T14: Tytuł: 74810315270171203357685 Lokalizacja: Adres: WARS Automat vendingowy Miasto: Warszawa Kraj: POLSKA Data wykonania operacji: 2025-09-27 02:00 Oryginalna kwota operacji: 4.50 Numer karty: 425125******0264 (4.50 PLN) | U14: 45929
A15: kawa | B15: 129 | C15: Tytuł: 74838495269330672967710 Lokalizacja: Adres: ALL GOOD S.A. KAWIARNIA Miasto: WARSZAWA Kraj: POLSKA Data wykonania operacji: 2025-09-26 02:00 Oryginalna kwota operacji: 129.00 Numer karty: 425125******0264 (129.00 PLN) | D15: 45928 | R15: auto | S15: 4.5 | T15: Tytuł: 74810315270171203487599 Lokalizacja: Adres: WARS Automat vendingowy Miasto: Warszawa Kraj: POLSKA Data wykonania operacji: 2025-09-27 02:00 Oryginalna kwota operacji: 4.50 Numer karty: 425125******0264 (4.50 PLN) | U15: 45929
A16: żabka | B16: 7.49 | C16: Tytuł: 000498849 74230785269176550658733 Lokalizacja: Adres: ZABKA ZE578 K.2 Miasto: WARSZAWA Kraj: POLSKA Data wykonania operacji: 2025-09-26 02:00 Oryginalna kwota operacji: 7.49 Numer karty: 425125******0264 (7.49 PLN) | D16: 45928 | R16: kawa | S16: 129 | T16: Tytuł: 74838495269330672967710 Lokalizacja: Adres: ALL GOOD S.A. KAWIARNIA Miasto: WARSZAWA Kraj: POLSKA Data wykonania operacji: 2025-09-26 02:00 Oryginalna kwota operacji: 129.00 Numer karty: 425125******0264 (129.00 PLN) | U16: 45928
A17: kawa | B17: 18 | C17: Tytuł: 74838495269330664839331 Lokalizacja: Adres: ALL GOOD S.A. KAWIARNIA Miasto: WARSZAWA Kraj: POLSKA Data wykonania operacji: 2025-09-26 02:00 Oryginalna kwota operacji: 18.00 Numer karty: 425125******0264 (18.00 PLN) | D17: 45928 | R17: żabka | S17: 7.49 | T17: Tytuł: 000498849 74230785269176550658733 Lokalizacja: Adres: ZABKA ZE578 K.2 Miasto: WARSZAWA Kraj: POLSKA Data wykonania operacji: 2025-09-26 02:00 Oryginalna kwota operacji: 7.49 Numer karty: 425125******0264 (7.49 PLN) | U17: 45928
A18: fun | B18: 24 | C18: Tytuł: 74838495269330751459829 Lokalizacja: Adres: LOUVRE HOTELS GROUP 01 Miasto: Warszawa Kraj: POLSKA Data wykonania operacji: 2025-09-26 02:00 Oryginalna kwota operacji: 24.00 Numer karty: 425125******0264 (24.00 PLN) | D18: 45928 | R18: kawa | S18: 18 | T18: Tytuł: 74838495269330664839331 Lokalizacja: Adres: ALL GOOD S.A. KAWIARNIA Miasto: WARSZAWA Kraj: POLSKA Data wykonania operacji: 2025-09-26 02:00 Oryginalna kwota operacji: 18.00 Numer karty: 425125******0264 (18.00 PLN) | U18: 45928
A19: restauracje | B19: 32 | C19: Tytuł: 000498849 74230785269176569428417 Lokalizacja: Adres: TADIM DONER GRILL Miasto: WARSZAWA Kraj: POLSKA Data wykonania operacji: 2025-09-26 02:00 Oryginalna kwota operacji: 32.00 Numer karty: 425125******0264 (32.00 PLN) | D19: 45928 | R19: fun | S19: 24 | T19: Tytuł: 74838495269330751459829 Lokalizacja: Adres: LOUVRE HOTELS GROUP 01 Miasto: Warszawa Kraj: POLSKA Data wykonania operacji: 2025-09-26 02:00 Oryginalna kwota operacji: 24.00 Numer karty: 425125******0264 (24.00 PLN) | U19: 45928
A20: kawa | B20: 36 | C20: Tytuł: 74838495269330652892482 Lokalizacja: Adres: ALL GOOD S.A. KAWIARNIA Miasto: WARSZAWA Kraj: POLSKA Data wykonania operacji: 2025-09-26 02:00 Oryginalna kwota operacji: 36.00 Numer karty: 425125******0264 (36.00 PLN) | D20: 45928 | R20: restauracje | S20: 32 | T20: Tytuł: 000498849 74230785269176569428417 Lokalizacja: Adres: TADIM DONER GRILL Miasto: WARSZAWA Kraj: POLSKA Data wykonania operacji: 2025-09-26 02:00 Oryginalna kwota operacji: 32.00 Numer karty: 425125******0264 (32.00 PLN) | U20: 45928
A21: rossman | B21: 17.48 | C21: Tytuł: 74838495270330724922751 Lokalizacja: Adres: ROSSMANN 134 Miasto: WARSZAWA Kraj: POLSKA Data wykonania operacji: 2025-09-26 02:00 Oryginalna kwota operacji: 17.48 Numer karty: 425125******0264 (17.48 PLN) | D21: 45928 | R21: kawa | S21: 36 | T21: Tytuł: 74838495269330652892482 Lokalizacja: Adres: ALL GOOD S.A. KAWIARNIA Miasto: WARSZAWA Kraj: POLSKA Data wykonania operacji: 2025-09-26 02:00 Oryginalna kwota operacji: 36.00 Numer karty: 425125******0264 (36.00 PLN) | U21: 45928
... A114: biuro | B114: 247.1 | C114: P4 Sp. z o.o. ul. Wynalazek 1 02-677 Warszawa F/10176247/09/25 | D114: 45904 | R114: biuro | S114: 82.29 | T114: Orange Polska S.A. Aleje Jerozolimskie 160 02-326 Warszawa NIP 526-025-09-95 F0083222849/009/25 | U114: 45904
R115: biuro | S115: 247.1 | T115: P4 Sp. z o.o. ul. Wynalazek 1 02-677 Warszawa F/10176247/09/25 | U115: 45904

Sheet sierpien2025
E1: Przychody | H1: Stan konta na początku miesiąca | J1: Koszty stałe | K1: =SUM(J3:J991) -> 15100.75
A2: kategoria | B2: kwota | C2: opis | D2: data
E3: sml | F3: 29999 | H3: =Zbiorczy!D62 -> 158908.08 | J3: =SUMIF($A$3:A$197, K3, B$3:B$197) -> 3213.25 | K3: zus | M3: =SUMIF($A$3:A$197, N3, B$3:B$197) -> 278.61 | N3: biedronka
A4: auto | B4: 17.6 | C4: Nazwa odbiorcy: PKO BP FINAT SP. Z O.O. Adres odbiorcy: UL. CHMIELNA 89 00-805 WARSZAWA Tytuł: OPŁ. ZA PRZEJAZD A1, PPO RUSOCIN - SPO NOWE MARZY, NR TRANS. 7247481, 2025-08-31 (17.60 PLN) | D4: 45900 | E4: skąd? | F4: 468 | J4: =SUMIF($A$3:A$197, K4, B$3:B$197) -> 3185 | K4: PIT36 | M4: =SUMIF($A$3:A$197, N4, B$3:B$197) -> 67.64 | N4: żabka
A5: restauracje | B5: 33.3 | C5: Tytuł: 74838495242326520637648 Lokalizacja: Adres: MCDONALDS Miasto: ZNIN Kraj: POLSKA Data wykonania operacji: 2025-08-29 02:00 Oryginalna kwota operacji: 33.30 Numer karty: 425125******0264 (33.30 PLN) | D5: 45900 | E5: sml prezent | J5: =SUMIF($A$3:A$197, K5, B$3:B$197) -> 5176 | K5: VAT | M5: =SUMIF($A$3:A$197, N5, B$3:B$197) -> 3091.23 | N5: auto
A6: biedronka | B6: 4.5 | C6: Tytuł: 010061097 74169505240642405692236 Lokalizacja: Adres: FABRYKA FORMY POZNAN BALT Miasto: POZNAN Kraj: POLSKA Data wykonania operacji: 2025-08-28 02:00 Oryginalna kwota operacji: 4.50 Numer karty: 425125******0264 (4.50 PLN) | D6: 45899 | J6: =SUMIF($A$3:A$197, K6, B$3:B$197) -> 3526.5 | K6: mieszkanie | M6: =SUMIF($A$3:A$197, N6, B$3:B$197) -> 1187.08 | N6: paliwo
A7: paliwo | B7: 17.6 | C7: Nazwa odbiorcy: PKO BP FINAT SP. Z O.O. Adres odbiorcy: UL. CHMIELNA 89 00-805 WARSZAWA Tytuł: OPŁ. ZA PRZEJAZD A1, SPO NOWE MARZY - PPO RUSOCIN, NR TRANS. 7234794, 2025-08-29 (17.60 PLN) | D7: 45898 | J7: =SUMIF($A$3:A$197, K7, B$3:B$197) -> 0 | K7: kredyt | M7: =SUMIF($A$3:A$197, N7, B$3:B$197) -> 4324.52 | N7: fun
A8: mieszkanie | B8: 1330 | C8: Tytuł: 010085232 74350275240011302158361 Lokalizacja: Adres: Revolut**7108* Miasto: Dublin Kraj: IRLANDIA Data wykonania operacji: 2025-08-28 02:00 Oryginalna kwota operacji: 1330.00 Numer karty: 425125******0264 (1330.00 PLN) | D8: 45898 | M8: =SUMIF($A$3:A$197, N8, B$3:B$197) -> 3091.23 | N8: auto
A9: żabka | B9: 2.99 | C9: Tytuł: 000498849 74230785238174464778646 Lokalizacja: Adres: ZABKA Z0685 K.1 Miasto: POZNAN Kraj: POLSKA Data wykonania operacji: 2025-08-26 02:00 Oryginalna kwota operacji: 2.99 Numer karty: 425125******0264 (2.99 PLN) | D9: 45897 | M9: =SUMIF($A$3:A$197, N9, B$3:B$197) -> 55.3 | N9: restauracje
A10: biedronka | B10: 43.93 | C10: Tytuł: 000498849 74230785239174504801431 Lokalizacja: Adres: NETTO 5304 SCO K.3 Miasto: POZNAN Kraj: POLSKA Data wykonania operacji: 2025-08-26 02:00 Oryginalna kwota operacji: 43.93 Numer karty: 425125******0264 (43.93 PLN) | D10: 45897
A11: apteka | B11: 25.49 | C11: Tytuł: 74838495237325811450841 Lokalizacja: Adres: ZIKO APTEKA 05 Miasto: Poznan Kraj: POLSKA Data wykonania operacji: 2025-08-25 02:00 Oryginalna kwota operacji: 25.49 Numer karty: 425125******0264 (25.49 PLN) | D11: 45896
A12: lekarz | B12: 250 | C12: Tytuł: 010061097 74169505237622371858909 Lokalizacja: Adres: PRACOWNIA PSYCHOLOGICZNA Miasto: POZNAN Kraj: POLSKA Data wykonania operacji: 2025-08-25 02:00 Oryginalna kwota operacji: 250.00 Numer karty: 425125******0264 (250.00 PLN) | D12: 45896
A13: mieszkanie | B13: 450 | C13: Rachunek odbiorcy: 73 1090 2372 0000 0001 1332 9442 Nazwa odbiorcy: MARTA SZCZYGIEŁ Tytuł: PRZELEW NA TELEFON OD: 48796555364 DO: 486*****967 (450.00 PLN) | D13: 45895
A14: żabka | B14: 19.98 | C14: Tytuł: 000498849 74230785236174338351234 Lokalizacja: Adres: ZABKA ZA319 K.1 Miasto: ZABKOWICE SLA Kraj: POLSKA Data wykonania operacji: 2025-08-24 02:00 Oryginalna kwota operacji: 19.98 Numer karty: 425125******0264 (19.98 PLN) | D14: 45895
A15: paliwo | B15: 12 | C15: Tytuł: 74838495237325767042980 Lokalizacja: Adres: ORLEN STACJA NR 4497 Miasto: WISZNIA MALA Kraj: POLSKA Data wykonania operacji: 2025-08-24 02:00 Oryginalna kwota operacji: 12.00 Numer karty: 425125******0264 (12.00 PLN) | D15: 45895
A16: krypto | B16: 257 | C16: Tytuł: 010085232 74350275236011256854938 Lokalizacja: Adres: Revolut**7108* Miasto: Dublin Kraj: IRLANDIA Data wykonania operacji: 2025-08-24 02:00 Oryginalna kwota operacji: 257.00 Numer karty: 425125******0264 (257.00 PLN) | D16: 45895
A17: przejazdy | B17: 4 | C17: Nazwa odbiorcy: MOBILE-TRAFFIC-DATA SP. Z O. O. Adres odbiorcy: UL. DRUŻBICKIEGO 11 61-693 POZNAŃ Tytuł: ZAKUP BILETU KOMUNIKACYJNEGO W APLI KACJI IKO Referencje własne zleceniodawcy: 175993463979 (4.00 PLN) | D17: 45894
A18: przejazdy | B18: 4 | C18: Nazwa odbiorcy: MOBILE-TRAFFIC-DATA SP. Z O. O. Adres odbiorcy: UL. DRUŻBICKIEGO 11 61-693 POZNAŃ Tytuł: ZAKUP BILETU KOMUNIKACYJNEGO W APLI KACJI IKO Referencje własne zleceniodawcy: 175993238556 (4.00 PLN) | D18: 45894
A19: fun | B19: 38 | C19: Tytuł: 74410495235026071281722 Lokalizacja: Adres: Klubokawiarnia Kl33384 Miasto: Gliwice Kraj: POLSKA Data wykonania operacji: 2025-08-23 02:00 Oryginalna kwota operacji: 38.00 Numer karty: 425125******0264 (38.00 PLN) | D19: 45894
A20: PIT36 | B20: 5 | C20: Tytuł: 010061097 74463675235592353807396 Lokalizacja: Adres: MYJNIA SZPITALNA KNUROW Miasto: KNUROW Kraj: POLSKA Data wykonania operacji: 2025-08-22 02:00 Oryginalna kwota operacji: 5.00 Numer karty: 425125******0264 (5.00 PLN) | D20: 45894
A21: PIT36 | B21: 5 | C21: Tytuł: 010061097 74463675235592353804807 Lokalizacja: Adres: MYJNIA SZPITALNA KNUROW Miasto: KNUROW Kraj: POLSKA Data wykonania operacji: 2025-08-22 02:00 Oryginalna kwota operacji: 5.00 Numer karty: 425125******0264 (5.00 PLN) | D21: 45894
... A95: paliwo | B95: 206.44 | C95: ORLEN STACJA NR 422 POZNAN POL Płatność kartą 02.08.2025 Nr karty 4598xx4778 | D95: 45871

Sheet lipiec2025
E1: Przychody | H1: Stan konta na początku miesiąca | J1: Koszty stałe | K1: =SUM(J3:J991) -> 13925.74
A2: kategoria | B2: kwota | C2: opis | D2: data
A3: biedronka | B3: 35.08 | C3: Tytuł: 000498849 74230785207172297666647 Lokalizacja: Adres: NETTO 5304 SCO K.2 Miasto: POZNAN Kraj: POLSKA Data wykonania operacji: 2025-07-25 02:00 Oryginalna kwota operacji: 35.08 Numer karty: 425125******0264 (35.08 PLN) | D3: 45865 | E3: sml | F3: 32545 | H3: =Zbiorczy!D61 -> 160100.21 | J3: =SUMIF($A$3:A$197, K3, B$3:B$197) -> 3213.25 | K3: zus | M3: =SUMIF($A$3:A$197, N3, B$3:B$197) -> 206.28 | N3: biedronka
A4: biedronka | B4: 4.5 | C4: Tytuł: 010061097 74169505206652065173361 Lokalizacja: Adres: FABRYKA FORMY POZNAN BALT Miasto: POZNAN Kraj: POLSKA Data wykonania operacji: 2025-07-25 02:00 Oryginalna kwota operacji: 4.50 Numer karty: 425125******0264 (4.50 PLN) | D4: 45865 | E4: skąd? | F4: 1990 | J4: =SUMIF($A$3:A$197, K4, B$3:B$197) -> 3781 | K4: PIT36 | M4: =SUMIF($A$3:A$197, N4, B$3:B$197) -> 80.77 | N4: żabka
A5: fun | B5: 500 | C5: Tytuł: 010085232 74350275205010817772842 Lokalizacja: Adres: Revolut**7108* Miasto: Dublin Kraj: IRLANDIA Data wykonania operacji: 2025-07-24 02:00 Oryginalna kwota operacji: 500.00 Numer karty: 425125******0264 (500.00 PLN) | D5: 45864 | E5: sml prezent | J5: =SUMIF($A$3:A$197, K5, B$3:B$197) -> 5730 | K5: VAT | M5: =SUMIF($A$3:A$197, N5, B$3:B$197) -> 4777.93 | N5: auto
A6: restauracje | B6: 22 | C6: Tytuł: 000498849 74230785204172102030230 Lokalizacja: Adres: SOUP CULTURE ROSWELL Miasto: POZNAN Kraj: POLSKA Data wykonania operacji: 2025-07-23 02:00 Oryginalna kwota operacji: 22.00 Numer karty: 425125******0264 (22.00 PLN) | D6: 45863 | J6: =SUMIF($A$3:A$197, K6, B$3:B$197) -> 1201.49 | K6: mieszkanie | M6: =SUMIF($A$3:A$197, N6, B$3:B$197) -> 239.12 | N6: paliwo
A7: ubrania | B7: 1199.98 | C7: Tytuł: 00000089650281362 Numer telefonu: 48796555364 Lokalizacja: Adres: www.zalando.pl 'Operacja: 00000089650281362 Numer referencyjny: 00000089650281362 (1199.98 PLN) | D7: 45862 | J7: =SUMIF($A$3:A$197, K7, B$3:B$197) -> 0 | K7: kredyt | M7: =SUMIF($A$3:A$197, N7, B$3:B$197) -> 11277.03 | N7: fun
A8: fun | B8: 77.86 | C8: Tytuł: 010072805 24871155203106473917290 Lokalizacja: Adres: ALIEXPRESS.COM Miasto: Luxembourg Kraj: LUKSEMBURG Data wykonania operacji: 2025-07-22 02:00 Oryginalna kwota operacji: 77.86 Numer karty: 425125******0264 (77.86 PLN) | D8: 45862 | M8: =SUMIF($A$3:A$197, N8, B$3:B$197) -> 4777.93 | N8: auto
A9: biedronka | B9: 4.5 | C9: Tytuł: 010061097 74169505203642030729077 Lokalizacja: Adres: FABRYKA FORMY POZNAN BALT Miasto: POZNAN Kraj: POLSKA Data wykonania operacji: 2025-07-22 02:00 Oryginalna kwota operacji: 4.50 Numer karty: 425125******0264 (4.50 PLN) | D9: 45862 | M9: =SUMIF($A$3:A$197, N9, B$3:B$197) -> 888.52 | N9: restauracje
A10: restauracje | B10: 20 | C10: Tytuł: 000498849 74230785203172053212739 Lokalizacja: Adres: STRONA Miasto: POZNAN Kraj: POLSKA Data wykonania operacji: 2025-07-22 02:00 Oryginalna kwota operacji: 20.00 Numer karty: 425125******0264 (20.00 PLN) | D10: 45862
A11: biuro | B11: 39.99 | C11: Tytuł: 010066928 74056285203100586281006 Lokalizacja: Adres: APPLE.COM/BILL Miasto: APPLE.COM/BIL Kraj: IRLANDIA Data wykonania operacji: 2025-07-22 02:00 Oryginalna kwota operacji: 39.99 Numer karty: 425125******0264 (39.99 PLN) | D11: 45862
A12: mieszkanie | B12: 235 | C12: Rachunek odbiorcy: 73 1090 2372 0000 0001 1332 9442 Nazwa odbiorcy: MARTA SZCZYGIEŁ Tytuł: PRZELEW NA TELEFON OD: 48796555364 DO: 486*****967 (235.00 PLN) | D12: 45860
A13: lekarz | B13: 250 | C13: Rachunek odbiorcy: 25 1140 2004 0000 3102 7803 3777 Nazwa odbiorcy: KAMIL WIETESKA Tytuł: OLAF KRZWCZYK 21.07.2025 Referencje własne zleceniodawcy: 175875884623 (250.00 PLN) | D13: 45859
A14: żabka | B14: 19.49 | C14: Tytuł: 000498849 74230785200171847484920 Lokalizacja: Adres: ZABKA Z4067 K.2 Miasto: WROCLAW Kraj: POLSKA Data wykonania operacji: 2025-07-19 02:00 Oryginalna kwota operacji: 19.49 Numer karty: 425125******0264 (19.49 PLN) | D14: 45859
A15: kawa | B15: 15.3 | C15: Tytuł: 74838495200320058215273 Lokalizacja: Adres: LARKS Miasto: WROCLAW Kraj: POLSKA Data wykonania operacji: 2025-07-19 02:00 Oryginalna kwota operacji: 15.30 Numer karty: 425125******0264 (15.30 PLN) | D15: 45859
A16: kawa | B16: 15.3 | C16: Tytuł: 74838495199319881980171 Lokalizacja: Adres: LARKS Miasto: WROCLAW Kraj: POLSKA Data wykonania operacji: 2025-07-18 02:00 Oryginalna kwota operacji: 15.30 Numer karty: 425125******0264 (15.30 PLN) | D16: 45858
A17: apteka | B17: 59.98 | C17: Tytuł: 74838495199319887804557 Lokalizacja: Adres: Ziko Apteka Miasto: Wroclaw Kraj: POLSKA Data wykonania operacji: 2025-07-18 02:00 Oryginalna kwota operacji: 59.98 Numer karty: 425125******0264 (59.98 PLN) | D17: 45858
A18: kawa | B18: 15.25 | C18: Tytuł: 74810315199163967373238 Lokalizacja: Adres: CAFE ROZRUSZNIK Miasto: WROCLAW Kraj: POLSKA Data wykonania operacji: 2025-07-18 02:00 Oryginalna kwota operacji: 15.25 Numer karty: 425125******0264 (15.25 PLN) | D18: 45858
A19: żabka | B19: 10.1 | C19: Tytuł: 000498849 74230785199171751038186 Lokalizacja: Adres: ZABKA ZC250 K.2 Miasto: WROCLAW Kraj: POLSKA Data wykonania operacji: 2025-07-18 02:00 Oryginalna kwota operacji: 10.10 Numer karty: 425125******0264 (10.10 PLN) | D19: 45858
A20: fun | B20: 5 | C20: Tytuł: 74810315199163929109423 Lokalizacja: Adres: KWATERA GLOWNA Miasto: WROCLAW Kraj: POLSKA Data wykonania operacji: 2025-07-18 02:00 Oryginalna kwota operacji: 5.00 Numer karty: 425125******0264 (5.00 PLN) | D20: 45858
A21: rossman | B21: 87.49 | C21: Tytuł: 74988855199401249230383 Lokalizacja: Adres: JMIDF SP.Z.O.O.HEBE R147 Miasto: WROCLAW Kraj: POLSKA Data wykonania operacji: 2025-07-18 02:00 Oryginalna kwota operacji: 87.49 Numer karty: 425125******0264 (87.49 PLN) | D21: 45858
... A105: biedronka | B105: 4.5 | C105: Tytuł: 010061097 74169505206652065173361 Lokalizacja: Adres: FABRYKA FORMY POZNAN BALT Miasto: POZNAN Kraj: POLSKA Data wykonania operacji: 2025-07-25 02:00 Oryginalna kwota operacji: 4.50 Numer karty: 425125******0264 (4.50 PLN) | D105: 45865

Sheet czerwiec2025
E1: Przychody | H1: Stan konta na początku miesiąca | J1: Koszty stałe | K1: =SUM(J3:J991) -> 15940.71
A2: kategoria | B2: kwota | C2: opis | D2: data
A3: biuro | B3: 5 | C3: Tytuł: 00000089135103356 Numer telefonu: 48796555364 Lokalizacja: Adres: doladuj.plus.pl 'Operacja: 00000089135103356 Numer referencyjny: 00000089135103356 (5.00 PLN) | D3: 45838 | E3: sml | F3: 35649 | H3: =Zbiorczy!D60 -> 151881.83 | J3: =SUMIF($A$3:A$197, K3, B$3:B$197) -> 3213.25 | K3: zus | M3: =SUMIF($A$3:A$197, N3, B$3:B$197) -> 978.15 | N3: biedronka
A4: biedronka | B4: 6 | C4: Tytuł: 74838495179316725552566 Lokalizacja: Adres: STARE TBILISI YANA OLIU Miasto: POZNAN Kraj: POLSKA Data wykonania operacji: 2025-06-28 02:00 Oryginalna kwota operacji: 6.00 Numer karty: 425125******0264 (6.00 PLN) | D4: 45838 | E4: skąd? | J4: =SUMIF($A$3:A$197, K4, B$3:B$197) -> 3893 | K4: PIT36 | M4: =SUMIF($A$3:A$197, N4, B$3:B$197) -> 79.66 | N4: żabka
A5: biedronka | B5: 91.09 | C5: Tytuł: 74838495180316723024821 Lokalizacja: Adres: LIDL MATYI Miasto: POZNAN Kraj: POLSKA Data wykonania operacji: 2025-06-28 02:00 Oryginalna kwota operacji: 91.09 Numer karty: 425125******0264 (91.09 PLN) | D5: 45838 | E5: sml prezent | J5: =SUMIF($A$3:A$197, K5, B$3:B$197) -> 6306 | K5: VAT | M5: =SUMIF($A$3:A$197, N5, B$3:B$197) -> 2422.49 | N5: auto
A6: biedronka | B6: 41.31 | C6: Tytuł: 000498849 74230785180170428022871 Lokalizacja: Adres: NETTO 5304 SCO K.2 Miasto: POZNAN Kraj: POLSKA Data wykonania operacji: 2025-06-28 02:00 Oryginalna kwota operacji: 41.31 Numer karty: 425125******0264 (41.31 PLN) | D6: 45838 | J6: =SUMIF($A$3:A$197, K6, B$3:B$197) -> 2528.46 | K6: mieszkanie | M6: =SUMIF($A$3:A$197, N6, B$3:B$197) -> 839.82 | N6: paliwo
A7: restauracje | B7: 70 | C7: Tytuł: 74838495178316629756108 Lokalizacja: Adres: UKI UKI Miasto: WARSZAWA Kraj: POLSKA Data wykonania operacji: 2025-06-27 02:00 Oryginalna kwota operacji: 70.00 Numer karty: 425125******0264 (70.00 PLN) | D7: 45837 | J7: =SUMIF($A$3:A$197, K7, B$3:B$197) -> 0 | K7: kredyt | M7: =SUMIF($A$3:A$197, N7, B$3:B$197) -> 2389.14 | N7: fun
A8: restauracje | B8: 19 | C8: Tytuł: 74410495178025297766952 Lokalizacja: Adres: Foka Mochi 56748 Miasto: WARSZAWA Kraj: POLSKA Data wykonania operacji: 2025-06-27 02:00 Oryginalna kwota operacji: 19.00 Numer karty: 425125******0264 (19.00 PLN) | D8: 45837 | M8: =SUMIF($A$3:A$197, N8, B$3:B$197) -> 2422.49 | N8: auto
A9: przejazdy | B9: 149 | C9: Tytuł: 010061097 74463675178501791766337 Lokalizacja: Adres: WWW BILKOM PL Miasto: WARSZAWA Kraj: POLSKA Data wykonania operacji: 2025-06-27 02:00 Oryginalna kwota operacji: 149.00 Numer karty: 425125******0264 (149.00 PLN) | D9: 45837 | M9: =SUMIF($A$3:A$197, N9, B$3:B$197) -> 1009.29 | N9: restauracje
A10: żabka | B10: 4.5 | C10: Tytuł: 000498849 74230785178170314281692 Lokalizacja: Adres: ZABKA Z0685 K.1 Miasto: POZNAN Kraj: POLSKA Data wykonania operacji: 2025-06-27 02:00 Oryginalna kwota operacji: 4.50 Numer karty: 425125******0264 (4.50 PLN) | D10: 45837
A11: kawa | B11: 20 | C11: Tytuł: 74838495178316559138442 Lokalizacja: Adres: ALL GOOD S.A. KAWIAR 02 Miasto: WARSZAWA Kraj: POLSKA Data wykonania operacji: 2025-06-27 02:00 Oryginalna kwota operacji: 20.00 Numer karty: 425125******0264 (20.00 PLN) | D11: 45837
A12: fun | B12: 170 | C12: Tytuł: 74810315178161829276198 Lokalizacja: Adres: MUR Miasto: Krakow Kraj: POLSKA Data wykonania operacji: 2025-06-27 02:00 Oryginalna kwota operacji: 170.00 Numer karty: 425125******0264 (170.00 PLN) | D12: 45837
A13: restauracje | B13: 24.3 | C13: Tytuł: 74810315178161776884390 Lokalizacja: Adres: SANDRAS MATCHA Miasto: WARSZAWA Kraj: POLSKA Data wykonania operacji: 2025-06-27 02:00 Oryginalna kwota operacji: 24.30 Numer karty: 425125******0264 (24.30 PLN) | D13: 45837
A14: przejazdy | B14: 149 | C14: Tytuł: 010061097 74463675178501791767764 Lokalizacja: Adres: WWW BILKOM PL Miasto: WARSZAWA Kraj: POLSKA Data wykonania operacji: 2025-06-27 02:00 Oryginalna kwota operacji: 149.00 Numer karty: 425125******0264 (149.00 PLN) | D14: 45837
A15: żabka | B15: 17.49 | C15: Tytuł: 000498849 74230785178170322850918 Lokalizacja: Adres: ZABKA Z8683 K.1 Miasto: WARSZAWA Kraj: POLSKA Data wykonania operacji: 2025-06-27 02:00 Oryginalna kwota operacji: 17.49 Numer karty: 425125******0264 (17.49 PLN) | D15: 45837
A16: restauracje | B16: 48 | C16: Tytuł: 010061097 74169505178651783676816 Lokalizacja: Adres: HAPPA TO MAME Miasto: POZNAN Kraj: POLSKA Data wykonania operacji: 2025-06-27 02:00 Oryginalna kwota operacji: 48.00 Numer karty: 425125******0264 (48.00 PLN) | D16: 45837
A17: kawa | B17: 50 | C17: Tytuł: 74838495178316589744615 Lokalizacja: Adres: ALL GOOD S.A. KAWIAR 02 Miasto: WARSZAWA Kraj: POLSKA Data wykonania operacji: 2025-06-27 02:00 Oryginalna kwota operacji: 50.00 Numer karty: 425125******0264 (50.00 PLN) | D17: 45837
A18: apteka | B18: 50.49 | C18: Tytuł: 74838495177316390018200 Lokalizacja: Adres: ZIKO APTEKA 05 Miasto: Poznan Kraj: POLSKA Data wykonania operacji: 2025-06-26 02:00 Oryginalna kwota operacji: 50.49 Numer karty: 425125******0264 (50.49 PLN) | D18: 45836
A19: żabka | B19: 9.99 | C19: Tytuł: 000498849 74230785177170227140259 Lokalizacja: Adres: ZABKA Z5606 K.2 Miasto: POZNAN Kraj: POLSKA Data wykonania operacji: 2025-06-26 02:00 Oryginalna kwota operacji: 9.99 Numer karty: 425125******0264 (9.99 PLN) | D19: 45836
A20: restauracje | B20: 32 | C20: Tytuł: 74810315177161695044358 Lokalizacja: Adres: RESTAURACJA LORO Miasto: POZNAN Kraj: POLSKA Data wykonania operacji: 2025-06-26 02:00 Oryginalna kwota operacji: 32.00 Numer karty: 425125******0264 (32.00 PLN) | D20: 45836
A21: biedronka | B21: 25.28 | C21: Tytuł: 000498849 74230785177170201527877 Lokalizacja: Adres: NETTO 5304 SCO K.3 Miasto: POZNAN Kraj: POLSKA Data wykonania operacji: 2025-06-25 02:00 Oryginalna kwota operacji: 25.28 Numer karty: 425125******0264 (25.28 PLN) | D21: 45835
... A114: biuro | B114: 381.87 | C114: KANCELARIA PODATKOWO-GOSPODARCZA SP ÓŁKA Z OGRANICZONĄ ODPOWIEDZIALNOŚC IĄ ul. Radomska 7 44-164 Gliwice NI P: PL 631-264-51-93 FA/19/05/2025 | D114: 45811

Sheet maj2025
E1: Przychody | H1: Stan konta na początku miesiąca | J1: Koszty stałe | K1: =SUM(J3:J991) -> 10785.17
A2: kategoria | B2: kwota | C2: opis | D2: data
A3: lekarz | B3: 1560 | C3: Tytuł: 74810315149158741023563 Lokalizacja: Adres: DENTA Miasto: Wroclaw Kraj: POLSKA Data wykonania operacji: 2025-05-29 02:00 Oryginalna kwota operacji: 1560.00 Numer karty: 425125******0264 (1560.00 PLN) | D3: 45808 | E3: sml | F3: 20 516,40 | H3: =Zbiorczy!D59 -> 140997.94 | J3: =SUMIF($A$3:A$197, K3, B$3:B$197) -> 3213.27 | K3: zus | M3: =SUMIF($A$3:A$197, N3, B$3:B$197) -> 558.16 | N3: biedronka
A4: auto | B4: 3.5 | C4: Tytuł: 010061097 74463675149611497725242 Lokalizacja: Adres: KBU SPOLKA Z OGRANICZONA Miasto: STARE MIASTO Kraj: POLSKA Data wykonania operacji: 2025-05-29 02:00 Oryginalna kwota operacji: 3.50 Numer karty: 425125******0264 (3.50 PLN) | D4: 45808 | E4: skąd? | F4: 34640 | J4: =SUMIF($A$3:A$197, K4, B$3:B$197) -> 2456 | K4: PIT36 | M4: =SUMIF($A$3:A$197, N4, B$3:B$197) -> 73.65 | N4: żabka
A5: restauracje | B5: 31 | C5: Tytuł: 000498849 74230785149168259758373 Lokalizacja: Adres: HUMMUS Miasto: WROCLAW Kraj: POLSKA Data wykonania operacji: 2025-05-29 02:00 Oryginalna kwota operacji: 31.00 Numer karty: 425125******0264 (31.00 PLN) | D5: 45808 | E5: sml prezent | J5: =SUMIF($A$3:A$197, K5, B$3:B$197) -> 3373 | K5: VAT | M5: =SUMIF($A$3:A$197, N5, B$3:B$197) -> 2865.09 | N5: auto
A6: rossman | B6: 22.99 | C6: Tytuł: 74838495150312056561667 Lokalizacja: Adres: ROSSMANN 47 Miasto: WROCLAW Kraj: POLSKA Data wykonania operacji: 2025-05-29 02:00 Oryginalna kwota operacji: 22.99 Numer karty: 425125******0264 (22.99 PLN) | D6: 45808 | J6: =SUMIF($A$3:A$197, K6, B$3:B$197) -> 1742.9 | K6: mieszkanie | M6: =SUMIF($A$3:A$197, N6, B$3:B$197) -> 927.33 | N6: paliwo
A7: auto | B7: 19 | C7: Tytuł: 010061097 74463675149591493450021 Lokalizacja: Adres: KBU SP Z O O SPP WROCLAW Miasto: KRAKOW Kraj: POLSKA Data wykonania operacji: 2025-05-29 02:00 Oryginalna kwota operacji: 19.00 Numer karty: 425125******0264 (19.00 PLN) | D7: 45808 | J7: =SUMIF($A$3:A$197, K7, B$3:B$197) -> 0 | K7: kredyt | M7: =SUMIF($A$3:A$197, N7, B$3:B$197) -> 2727.58 | N7: fun
A8: auto | B8: 2 | C8: Tytuł: 010061097 74463675149611497729855 Lokalizacja: Adres: KBU SPOLKA Z OGRANICZONA Miasto: STARE MIASTO Kraj: POLSKA Data wykonania operacji: 2025-05-29 02:00 Oryginalna kwota operacji: 2.00 Numer karty: 425125******0264 (2.00 PLN) | D8: 45808 | M8: =SUMIF($A$3:A$197, N8, B$3:B$197) -> 2865.09 | N8: auto
A9: żabka | B9: 5.5 | C9: Tytuł: 000498849 74230785148168229752903 Lokalizacja: Adres: ZABKA Z1048 K.2 Miasto: POZNAN Kraj: POLSKA Data wykonania operacji: 2025-05-28 02:00 Oryginalna kwota operacji: 5.50 Numer karty: 425125******0264 (5.50 PLN) | D9: 45807
A10: biedronka | B10: 28.58 | C10: Tytuł: 000498849 74230785149168246628283 Lokalizacja: Adres: NETTO 5304 SCO K.3 Miasto: POZNAN Kraj: POLSKA Data wykonania operacji: 2025-05-28 02:00 Oryginalna kwota operacji: 28.58 Numer karty: 425125******0264 (28.58 PLN) | D10: 45807
A11: żabka | B11: 2.99 | C11: Tytuł: 000498849 74230785148168214632060 Lokalizacja: Adres: ZABKA Z5606 K.2 Miasto: POZNAN Kraj: POLSKA Data wykonania operacji: 2025-05-28 02:00 Oryginalna kwota operacji: 2.99 Numer karty: 425125******0264 (2.99 PLN) | D11: 45807
A12: apteka | B12: 24.99 | C12: Tytuł: 74838495148311902336618 Lokalizacja: Adres: ZIKO APTEKA 05 Miasto: Poznan Kraj: POLSKA Data wykonania operacji: 2025-05-28 02:00 Oryginalna kwota operacji: 24.99 Numer karty: 425125******0264 (24.99 PLN) | D12: 45807
A13: biedronka | B13: 49.22 | C13: Tytuł: 000498849 74230785148168179870747 Lokalizacja: Adres: NETTO 5304 SCO K.3 Miasto: POZNAN Kraj: POLSKA Data wykonania operacji: 2025-05-27 02:00 Oryginalna kwota operacji: 49.22 Numer karty: 425125******0264 (49.22 PLN) | D13: 45806
A14: lekarz | B14: 250 | C14: Tytuł: 010061097 74169505146621463413532 Lokalizacja: Adres: PRACOWNIA PSYCHOLOGICZNA Miasto: POZNAN Kraj: POLSKA Data wykonania operacji: 2025-05-26 02:00 Oryginalna kwota operacji: 250.00 Numer karty: 425125******0264 (250.00 PLN) | D14: 45805
A15: fun | B15: 28 | C15: Tytuł: 000498849 74230785144167937006119 Lokalizacja: Adres: TEDI 7184 Miasto: ZABKOWICE SLA Kraj: POLSKA Data wykonania operacji: 2025-05-24 02:00 Oryginalna kwota operacji: 28.00 Numer karty: 425125******0264 (28.00 PLN) | D15: 45804
A16: fun | B16: 12.37 | C16: Tytuł: 010062941 74987505144003341679075 Lokalizacja: Adres: Action A123 Miasto: Zabkowice Sla Kraj: POLSKA Data wykonania operacji: 2025-05-24 02:00 Oryginalna kwota operacji: 12.37 Numer karty: 425125******0264 (12.37 PLN) | D16: 45804
A17: auto | B17: 2 | C17: Tytuł: 010061097 74463675145591452083023 Lokalizacja: Adres: PROCAR WOJCIECH MEDRALA Miasto: NYSA Kraj: POLSKA Data wykonania operacji: 2025-05-24 02:00 Oryginalna kwota operacji: 2.00 Numer karty: 425125******0264 (2.00 PLN) | D17: 45804
A18: auto | B18: 2 | C18: Tytuł: 010061097 74463675145591452083619 Lokalizacja: Adres: PROCAR WOJCIECH MEDRALA Miasto: NYSA Kraj: POLSKA Data wykonania operacji: 2025-05-24 02:00 Oryginalna kwota operacji: 2.00 Numer karty: 425125******0264 (2.00 PLN) | D18: 45804
A19: auto | B19: 5 | C19: Tytuł: 010061097 74463675145591452083551 Lokalizacja: Adres: PROCAR WOJCIECH MEDRALA Miasto: NYSA Kraj: POLSKA Data wykonania operacji: 2025-05-24 02:00 Oryginalna kwota operacji: 5.00 Numer karty: 425125******0264 (5.00 PLN) | D19: 45804
A20: auto | B20: 5 | C20: Tytuł: 010061097 74463675145591452083221 Lokalizacja: Adres: PROCAR WOJCIECH MEDRALA Miasto: NYSA Kraj: POLSKA Data wykonania operacji: 2025-05-24 02:00 Oryginalna kwota operacji: 5.00 Numer karty: 425125******0264 (5.00 PLN) | D20: 45804
... A103: biuro | B103: 381.87 | C103: KANCELARIA PODATKOWO-GOSPODARCZA SP ÓŁKA Z OGRANICZONĄ ODPOWIEDZIALNOŚC IĄ ul. Radomska 7 44-164 Gliwice NI P: PL 631-264-51-93 FA/64/04/2025 | D103: 45779

Sheet kwiecien2025
E1: Przychody | H1: Stan konta na początku miesiąca | J1: Koszty stałe | K1: =SUM(J3:J995) -> 9276.15
A2: kategoria | B2: kwota | C2: opis | D2: data
A3: żabka | B3: 4.5 | C3: Tytuł: 000498849 74230785118166262470975 Lokalizacja: Adres: ZABKA Z0685 K.1 Miasto: POZNAN Kraj: POLSKA Data wykonania operacji: 2025-04-28 02:00 Oryginalna kwota operacji: 4.50 Numer karty: 425125******0264 (4.50 PLN) | D3: 45777 | E3: sml | F3: 14 013,39 | H3: =Zbiorczy!D58 -> 169145.63 | J3: =SUMIF($A$3:A$94, K3, B$3:B$94) -> 3213.25 | K3: zus | M3: =SUMIF($A$3:A$94, N3, B$3:B$94) -> 692.63 | N3: biedronka
A4: lekarz | B4: 200 | C4: Tytuł: 010061097 74169505118611188209301 Lokalizacja: Adres: PRACOWNIA PSYCHOLOGICZNA Miasto: POZNAN Kraj: POLSKA Data wykonania operacji: 2025-04-28 02:00 Oryginalna kwota operacji: 200.00 Numer karty: 425125******0264 (200.00 PLN) | D4: 45777 | E4: skąd? | J4: =SUMIF($A$3:A$94, K4, B$3:B$94) -> 1842 | K4: PIT36 | M4: =SUMIF($A$3:A$94, N4, B$3:B$94) -> 111.85 | N4: żabka
A5: kawa | B5: 174 | C5: Tytuł: 000498707 74987075119028304558029 Lokalizacja: Adres: coffeedesk.pl Miasto: Kolobrzeg Kraj: POLSKA Data wykonania operacji: 2025-04-28 02:00 Oryginalna kwota operacji: 174.00 Numer karty: 425125******0264 (174.00 PLN) | D5: 45777 | E5: sml prezent | J5: =SUMIF($A$3:A$94, K5, B$3:B$94) -> 2319 | K5: VAT | M5: =SUMIF($A$3:A$94, N5, B$3:B$94) -> 3788.75 | N5: auto
A6: inwestycje | B6: 2000 | C6: Rachunek odbiorcy: 63 1020 1068 1230 7223 1295 0585 Nazwa odbiorcy: PKO BIURO MAKLERSKIE Tytuł: ZAKUP OBLIGACJI (2000.00 PLN) | D6: 45777 | J6: =SUMIF($A$3:A$94, K6, B$3:B$94) -> 1901.9 | K6: mieszkanie | M6: =SUMIF($A$3:A$94, N6, B$3:B$94) -> 1106.4 | N6: paliwo
A7: inwestycje | B7: 3000 | C7: Rachunek odbiorcy: 63 1020 1068 1230 7223 1295 0585 Nazwa odbiorcy: PKO BIURO MAKLERSKIE Tytuł: ZAKUP OBLIGACJI (3000.00 PLN) | D7: 45777 | J7: =SUMIF($A$3:A$94, K7, B$3:B$94) -> 0 | K7: kredyt | M7: =SUMIF($A$3:A$94, N7, B$3:B$94) -> 6476.12 | N7: fun
A8: żabka | B8: 13.69 | C8: Tytuł: 000498849 74230785116166149468475 Lokalizacja: Adres: ZABKA Z0685 K.1 Miasto: POZNAN Kraj: POLSKA Data wykonania operacji: 2025-04-26 02:00 Oryginalna kwota operacji: 13.69 Numer karty: 425125******0264 (13.69 PLN) | D8: 45775 | M8: =SUMIF($A$3:A$94, N8, B$3:B$94) -> 3788.75 | N8: auto
A9: biedronka | B9: 21.5 | C9: Tytuł: 74810315116155465692416 Lokalizacja: Adres: POLEWSKI CONCEPT Miasto: Poznan Kraj: POLSKA Data wykonania operacji: 2025-04-26 02:00 Oryginalna kwota operacji: 21.50 Numer karty: 425125******0264 (21.50 PLN) | D9: 45775
A10: żabka | B10: 19.98 | C10: Tytuł: 000498849 74230785116166149470190 Lokalizacja: Adres: ZABKA Z0685 K.1 Miasto: POZNAN Kraj: POLSKA Data wykonania operacji: 2025-04-26 02:00 Oryginalna kwota operacji: 19.98 Numer karty: 425125******0264 (19.98 PLN) | D10: 45775
A11: fun | B11: 16 | C11: Tytuł: 74410495116024514321829 Lokalizacja: Adres: CYNAMONKI 65461 Miasto: Poznan Kraj: POLSKA Data wykonania operacji: 2025-04-26 02:00 Oryginalna kwota operacji: 16.00 Numer karty: 425125******0264 (16.00 PLN) | D11: 45775
A12: auto | B12: 321.18 | C12: Tytuł: 74838495117307044259970 Lokalizacja: Adres: LIDL 1884 Miasto: POZNAN Kraj: POLSKA Data wykonania operacji: 2025-04-26 02:00 Oryginalna kwota operacji: 321.18 Numer karty: 425125******0264 (321.18 PLN) | D12: 45775
A13: przejazdy | B13: 4 | C13: Nazwa odbiorcy: MOBILE-TRAFFIC-DATA SP. Z O. O. Adres odbiorcy: UL. DRUŻBICKIEGO 11 61-693 POZNAŃ Tytuł: ZAKUP BILETU KOMUNIKACYJNEGO W APLI KACJI IKO Referencje własne zleceniodawcy: 175581154366 (4.00 PLN) | D13: 45775
A14: przejazdy | B14: 4 | C14: Nazwa odbiorcy: MOBILE-TRAFFIC-DATA SP. Z O. O. Adres odbiorcy: UL. DRUŻBICKIEGO 11 61-693 POZNAŃ Tytuł: ZAKUP BILETU KOMUNIKACYJNEGO W APLI KACJI IKO Referencje własne zleceniodawcy: 175580901066 (4.00 PLN) | D14: 45775
A15: auto | B15: 678 | C15: Tytuł: 74838495116306838039052 Lokalizacja: Adres: DOBRE OKO OKULISTA MARI Miasto: POZNAN Kraj: POLSKA Data wykonania operacji: 2025-04-25 02:00 Oryginalna kwota operacji: 678.00 Numer karty: 425125******0264 (678.00 PLN) | D15: 45774
A16: mieszkanie | B16: 159 | C16: Rachunek odbiorcy: 73 1090 2372 0000 0001 1332 9442 Nazwa odbiorcy: MARTA SZCZYGIEŁ Tytuł: PRZELEW NA TELEFON OD: 48796555364 DO: 486*****967 (159.00 PLN) | D16: 45773
A17: biedronka | B17: 36.74 | C17: Tytuł: 000498849 74230785115166037282831 Lokalizacja: Adres: NETTO 5304 SCO K.3 Miasto: POZNAN Kraj: POLSKA Data wykonania operacji: 2025-04-24 02:00 Oryginalna kwota operacji: 36.74 Numer karty: 425125******0264 (36.74 PLN) | D17: 45773
A18: żabka | B18: 4.5 | C18: Tytuł: 000498849 74230785113165933886523 Lokalizacja: Adres: ZABKA Z0685 K.1 Miasto: POZNAN Kraj: POLSKA Data wykonania operacji: 2025-04-23 02:00 Oryginalna kwota operacji: 4.50 Numer karty: 425125******0264 (4.50 PLN) | D18: 45772
A19: żabka | B19: 7.49 | C19: Tytuł: 000498849 74230785113165933886689 Lokalizacja: Adres: ZABKA Z0685 K.1 Miasto: POZNAN Kraj: POLSKA Data wykonania operacji: 2025-04-23 02:00 Oryginalna kwota operacji: 7.49 Numer karty: 425125******0264 (7.49 PLN) | D19: 45772
A20: restauracje | B20: 52.6 | C20: Tytuł: 00000087839695246 Numer telefonu: 48796555364 Lokalizacja: Adres: pyszne.pl 'Operacja: 00000087839695246 Numer referencyjny: 00000087839695246 (52.60 PLN) | D20: 45771
... A85: auto | B85: 2335.7 | C85: 202509397201154773' - BNP Paribas Leasing Services Sp. z o.o. 00-844 Warszawa, ul.Grzybowska 78 (2335.70 PLN) | D85: 45750

Sheet marzec2025
E1: Przychody | H1: Stan konta na początku miesiąca | J1: Koszty stałe | K1: =SUM(J3:J995) -> 13035.15
A2: kategoria | B2: kwota | C2: opis | D2: data
E3: sml | F3: 32016 | H3: =Zbiorczy!D57 -> 174000.01 | J3: =SUMIF($A$3:A$94, K3, B$3:B$94) -> 3213.25 | K3: zus | M3: =SUMIF($A$3:A$94, N3, B$3:B$94) -> 188.09 | N3: biedronka
A4: fun | B4: 1000 | C4: Tytuł: 010085232 74350275087009231896362 Lokalizacja: Adres: Revolut**7108* Miasto: Dublin Kraj: IRLANDIA Data wykonania operacji: 2025-03-28 01:00 Oryginalna kwota operacji: 1000.00 Numer karty: 425125******0264 (1000.00 PLN) | D4: 45746 | E4: skąd? | J4: =SUMIF($A$3:A$94, K4, B$3:B$94) -> 3151 | K4: PIT36 | M4: =SUMIF($A$3:A$94, N4, B$3:B$94) -> 47.37 | N4: żabka
A5: fun | B5: 1000 | C5: Tytuł: 010085232 74350275085009202023618 Lokalizacja: Adres: Revolut**7108* Miasto: Dublin Kraj: IRLANDIA Data wykonania operacji: 2025-03-26 01:00 Oryginalna kwota operacji: 1000.00 Numer karty: 425125******0264 (1000.00 PLN) | D5: 45744 | E5: sml prezent | J5: =SUMIF($A$3:A$94, K5, B$3:B$94) -> 4928 | K5: VAT | M5: =SUMIF($A$3:A$94, N5, B$3:B$94) -> 3423.31 | N5: auto
A6: fun | B6: 786.33 | C6: Rachunek odbiorcy: 91 1020 0029 9000 2023 2777 2284 Nazwa odbiorcy: OLAF KRAWCZYK Tytuł: SPŁATA AKTUALNEGO ZADŁUŻENIA KARTY KREDYTOWEJ * 8853 OD: 48796555364 Referencje własne zleceniodawcy: 175474585056 (786.33 PLN) | D6: 45743 | J6: =SUMIF($A$3:A$94, K6, B$3:B$94) -> 1742.9 | K6: mieszkanie | M6: =SUMIF($A$3:A$94, N6, B$3:B$94) -> 334.13 | N6: paliwo
A7: fun | B7: 1000 | C7: Tytuł: 010085232 74350275083009179731633 Lokalizacja: Adres: Revolut**7108* Miasto: Dublin Kraj: IRLANDIA Data wykonania operacji: 2025-03-24 01:00 Oryginalna kwota operacji: 1000.00 Numer karty: 425125******0264 (1000.00 PLN) | D7: 45742 | J7: =SUMIF($A$3:A$94, K7, B$3:B$94) -> 0 | K7: kredyt | M7: =SUMIF($A$3:A$94, N7, B$3:B$94) -> 15606.66 | N7: fun
A8: fun | B8: 1000 | C8: Tytuł: 010085232 74350275083009177942224 Lokalizacja: Adres: Revolut**7108* Miasto: Dublin Kraj: IRLANDIA Data wykonania operacji: 2025-03-24 01:00 Oryginalna kwota operacji: 1000.00 Numer karty: 425125******0264 (1000.00 PLN) | D8: 45741 | M8: =SUMIF($A$3:A$94, N8, B$3:B$94) -> 3423.31 | N8: auto
A9: fun | B9: 1500 | C9: Tytuł: 010085232 74350275082009170569231 Lokalizacja: Adres: Revolut**7108* Miasto: Dublin Kraj: IRLANDIA Data wykonania operacji: 2025-03-23 01:00 Oryginalna kwota operacji: 1500.00 Numer karty: 425125******0264 (1500.00 PLN) | D9: 45741
A11: fun | B11: 1500 | C11: Tytuł: 010085232 74350275078009118258588 Lokalizacja: Adres: Revolut**7108* Miasto: Dublin Kraj: IRLANDIA Data wykonania operacji: 2025-03-19 01:00 Oryginalna kwota operacji: 1500.00 Numer karty: 425125******0264 (1500.00 PLN) | D11: 45736
A12: biuro | B12: 14.99 | C12: Tytuł: 010066928 74056285075101092167114 Lokalizacja: Adres: APPLE.COM/BILL Miasto: APPLE.COM/BIL Kraj: IRLANDIA Data wykonania operacji: 2025-03-16 01:00 Oryginalna kwota operacji: 14.99 Numer karty: 425125******0264 (14.99 PLN) | D12: 45734
A13: fun | B13: 2000 | C13: Tytuł: 010085232 74350275074009076168120 Lokalizacja: Adres: Revolut**7108* Miasto: Dublin Kraj: IRLANDIA Data wykonania operacji: 2025-03-15 01:00 Oryginalna kwota operacji: 2000.00 Numer karty: 425125******0264 (2000.00 PLN) | D13: 45733
A14: auto | B14: 64 | C14: Tytuł: 74838495070300006205573 Lokalizacja: Adres: ALL GOOD S.A. KAWIARNIA Miasto: WARSZAWA Kraj: POLSKA Data wykonania operacji: 2025-03-11 01:00 Oryginalna kwota operacji: 64.00 Numer karty: 425125******0264 (64.00 PLN) | D14: 45729
A15: fun | B15: 1500 | C15: Tytuł: 010085232 74350275070009021869933 Lokalizacja: Adres: Revolut**7108* Miasto: Dublin Kraj: IRLANDIA Data wykonania operacji: 2025-03-11 01:00 Oryginalna kwota operacji: 1500.00 Numer karty: 425125******0264 (1500.00 PLN) | D15: 45728
A16: fun | B16: 500 | C16: Tytuł: 010085232 74350275069009019355781 Lokalizacja: Adres: Revolut**7108* Miasto: Dublin Kraj: IRLANDIA Data wykonania operacji: 2025-03-10 01:00 Oryginalna kwota operacji: 500.00 Numer karty: 425125******0264 (500.00 PLN) | D16: 45728
A17: żabka | B17: 5.49 | C17: Tytuł: 000498849 74230785069163153800013 Lokalizacja: Adres: ZABKA Z2050 K.2 Miasto: WARSZAWA Kraj: POLSKA Data wykonania operacji: 2025-03-10 01:00 Oryginalna kwota operacji: 5.49 Numer karty: 425125******0264 (5.49 PLN) | D17: 45728
A18: biedronka | B18: 30.39 | C18: Tytuł: 000498849 74230785070163184355729 Lokalizacja: Adres: NETTO 5304 SCO K.3 Miasto: POZNAN Kraj: POLSKA Data wykonania operacji: 2025-03-10 01:00 Oryginalna kwota operacji: 30.39 Numer karty: 425125******0264 (30.39 PLN) | D18: 45728
A19: mieszkanie | B19: 99.9 | C19: Rachunek odbiorcy: 21 1020 4027 3011 0000 3014 3739 Nazwa odbiorcy: INEA SP. Z O.O.WYSOGOTOWO,UL.WIERZB OWA 8462-081 PRZEŹMIEROWO Tytuł: 95476/2025/03/IS/DS Referencje własne zleceniodawcy: 175421920041 (99.90 PLN) | D19: 45727
A20: przejazdy | B20: 8.8 | C20: Nazwa odbiorcy: MOBILE-TRAFFIC-DATA SP. Z O. O. Adres odbiorcy: UL. DRUŻBICKIEGO 11 61-693 POZNAŃ Tytuł: ZAKUP BILETU KOMUNIKACYJNEGO W APLI KACJI IKO Referencje własne zleceniodawcy: 175421590617 (8.80 PLN) | D20: 45727
A21: przejazdy | B21: 6.8 | C21: Nazwa odbiorcy: MOBILE-TRAFFIC-DATA SP. Z O. O. Adres odbiorcy: UL. DRUŻBICKIEGO 11 61-693 POZNAŃ Tytuł: ZAKUP BILETU KOMUNIKACYJNEGO W APLI KACJI IKO Referencje własne zleceniodawcy: 175419869953 (6.80 PLN) | D21: 45726
... A72: biuro | B72: 381.87 | C72: 202506197202065527' - KANCELARIA PODATKOWO-GOSPODARCZA SP ÓŁKA Z OGRANICZONďż˝ ODPOWIEDZIALNOďż˝C Iďż˝ ul. Radomska 7 44-164 Gliwice NI P: PL 631-264-51-93 (381.87 PLN) | D72: 45718

Sheet luty2025
E1: Przychody | H1: Stan konta na początku miesiąca | J1: Koszty stałe | K1: =SUM(J3:J995) -> 5932.9
A2: kategoria | B2: kwota | C2: opis | D2: data
A3: fun | B3: 71.5 | E3: sml | F3: 34143.57 | H3: =Zbiorczy!D56 -> 173772.21 | J3: =SUMIF($A$3:A$94, K3, B$3:B$94) -> 0 | K3: zus | M3: =SUMIF($A$3:A$94, N3, B$3:B$94) -> 408.37 | N3: biedronka
A4: fun | B4: 81.5 | C4: kata aparat | E4: skąd? | J4: =SUMIF($A$3:A$94, K4, B$3:B$94) -> 3980 | K4: PIT36 | M4: =SUMIF($A$3:A$94, N4, B$3:B$94) -> 167.72 | N4: żabka
A5: lekarz | B5: 200 | E5: sml prezent | J5: =SUMIF($A$3:A$94, K5, B$3:B$94) -> 0 | K5: VAT | M5: =SUMIF($A$3:A$94, N5, B$3:B$94) -> 103.5 | N5: auto
A6: żabka | B6: 16.69 | J6: =SUMIF($A$3:A$94, K6, B$3:B$94) -> 1952.9 | K6: mieszkanie | M6: =SUMIF($A$3:A$94, N6, B$3:B$94) -> 185.2 | N6: paliwo
A7: fun | B7: 46.99 | J7: =SUMIF($A$3:A$94, K7, B$3:B$94) -> 0 | K7: kredyt | M7: =SUMIF($A$3:A$94, N7, B$3:B$94) -> 11113.59 | N7: fun
A8: kawa | B8: 64 | M8: =SUMIF($A$3:A$94, N8, B$3:B$94) -> 103.5 | N8: auto
A9: fun | B9: 2.49
A10: auto | B10: 30
A11: fun | B11: 680.13 | C11: wakaj
A12: przejazdy | B12: 4
A13: biedronka | B13: 75
A14: żabka | B14: 17.49
A15: fun | B15: 425.25 | C15: białko
A16: kawa | B16: 37.8
A17: kawa | B17: 24.9
A18: kawa | B18: 31.8
A19: auto | B19: 45
A20: fun | B20: 39
A21: kawa | B21: 56
A22: fun | B22: 37
A23: rossman | B23: 15.18
A24: biuro | B24: 6.4
A25: żabka | B25: 10.5 | D25: 45718.589
A26: kawa | B26: 21.9
A27: biuro | B27: 14.99
A28: żabka | B28: 11.99
A29: lekarz | B29: 200
A30: żabka | B30: 25.88
A31: prezenty | B31: 108
A32: biedronka | B32: 28.68
A33: auto | B33: 4
A34: żabka | B34: 13.49
A35: kawa | B35: 75
A36: auto | B36: 5
A37: auto | B37: 5
... A49: biedronka | B49: 237.21
A50: fun | B50: 1000 | C50: wycieczka
A51: mieszkanie | B51: 99.9
A52: żabka | B52: 23.99
A53: fun | B53: 500 | C53: wycieczka
A54: prezenty | B54: 75 | C54: prezent
A55: żabka | B55: 20.7
A56: lekarz | B56: 280
A57: fun | B57: 20
A58: apteka | B58: 282.27
A59: przejazdy | B59: 4
A60: fun | B60: 3.99
A61: przejazdy | B61: 4
A62: fun | B62: 36.2
A63: przejazdy | B63: 4
A64: przejazdy | B64: 4
A65: fun | B65: 200
A66: fun | B66: 500 | C66: wycieczka
A67: fun | B67: 12
A68: przejazdy | B68: 16
A69: przejazdy | B69: 16
A70: żabka | B70: 10.5
A71: przejazdy | B71: 16
A72: przejazdy | B72: 16
A73: fun | B73: 1500 | C73: wycieczka
A74: żabka | B74: 11.99
A75: mieszkanie | B75: 1480
A76: fun | B76: 200 | C76: wycieczka
A77: fun | B77: 417 | C77: wycieczka | D77: 45718.589
A78: lekarz | B78: 200
A79: mieszkanie | B79: 373
A80: fun | B80: 35
A81: fun | B81: 549 | C81: kąkuter
A82: fun | B82: 317.19 | C82: wycieczka
A83: fun | B83: 1181.39 | C83: wycieczka | D83: 45718.671
A84: fun | B84: 1366.12 | C84: wycieczka
A85: kawa | B85: 21.9
A86: fun | B86: 653.06 | C86: wycieczka
A87: przejazdy | B87: 4
A88: przejazdy | B88: 4
A89: żabka | B89: 4.5
A90: ubrania | B90: 469.99
A91: fun | B91: 1014.19 | C91: wycieczka
A92: fun | B92: 221.59
A93: paliwo | B93: 185.2
A94: PIT36 | B94: 3980
A95: VAT | B95: 6088
A96: paliwo | B96: 34.16
A97: paliwo | B97: 251.43
A98: paliwo | B98: 250.6
A99: PIT36 | B99: 12
A100: ZUS | B100: 3213.25
A101: paliwo | B101: 186.86
A102: paliwo | B102: 210.23
A103: auto | B103: 50
... A109: auto | B109: 2330.28

Sheet styczen2025
E1: Przychody | H1: Stan konta na początku miesiąca | J1: Koszty stałe | K1: =SUM(J3:J995) -> 11584.33
A2: kategoria | B2: kwota | C2: opis | D2: data
A3: biuro | B3: 347.16 | E3: sml | F3: 29217.42 | H3: =Zbiorczy!D55 -> 172804.36 | J3: =SUMIF($A$3:A$94, K3, B$3:B$94) -> 1312.71 | K3: zus | M3: =SUMIF($A$3:A$94, N3, B$3:B$94) -> 1471.65 | N3: biedronka
A4: paliwo | B4: 251.16 | E4: skąd? | J4: =SUMIF($A$3:A$94, K4, B$3:B$94) -> 3176 | K4: PIT36 | M4: =SUMIF($A$3:A$94, N4, B$3:B$94) -> 64.27 | N4: żabka
A5: paliwo | B5: 197.1 | E5: sml prezent | J5: =SUMIF($A$3:A$94, K5, B$3:B$94) -> 5062 | K5: VAT | M5: =SUMIF($A$3:A$94, N5, B$3:B$94) -> 2341.37 | N5: auto
A6: VAT | B6: 5062 | J6: =SUMIF($A$3:A$94, K6, B$3:B$94) -> 2033.62 | K6: mieszkanie | M6: =SUMIF($A$3:A$94, N6, B$3:B$94) -> 448.26 | N6: paliwo
A7: PIT36 | B7: 3164 | J7: =SUMIF($A$3:A$94, K7, B$3:B$94) -> 0 | K7: kredyt | M7: =SUMIF($A$3:A$94, N7, B$3:B$94) -> 9473.89 | N7: fun
A8: fun | B8: 870 | M8: =SUMIF($A$3:A$94, N8, B$3:B$94) -> 2341.37 | N8: auto
A9: PIT36 | B9: 12
A10: ZUS | B10: 1312.71
A11: przejazdy | B11: 70
A12: przejazdy | B12: 70
A13: biuro | B13: 82.29
A14: auto | B14: 2329.37
A15: biuro | B15: 104.2
A16: fun | B16: 15
A17: kawa | B17: 199
A18: żabka | B18: 7.9
A19: fun | B19: 130
A20: żabka | B20: 4.5
A21: fun | B21: 1300 | C21: loty
A22: fun | B22: 500 | C22: loty
A23: kawa | B23: 54.75
A24: fun | B24: 200
A25: żabka | B25: 7.9 | D25: 45718.589
A26: fun | B26: 500 | C26: angielski
A27: lekarz | B27: 400
A28: rossman | B28: 64.48
A29: auto | B29: 5
A30: auto | B30: 2
A31: auto | B31: 5
A32: mieszkanie | B32: 103.72
A33: fun | B33: 64
A34: fun | B34: 35.99
A35: przejazdy | B35: 4
A36: przejazdy | B36: 4
A37: fun | B37: 62
A38: żabka | B38: 9.49
... A53: lekarz | B53: 239.99
A54: fun | B54: 3865 | C54: loty
A55: kawa | B55: 168.49
A56: biedronka | B56: 180.18
A57: fun | B57: 46.18
A58: fun | B58: 46.18
A59: fun | B59: 60.9
A60: lekarz | B60: 200
A61: prezenty | B61: 261.89
A62: fun | B62: 3
A63: biedronka | B63: 1000
A64: przejazdy | B64: 4
A65: przejazdy | B65: 4
A66: biedronka | B66: 85
... A76: żabka | B76: 9.88
A77: żabka | B77: 16.5 | D77: 45718.589
A78: fun | B78: 500
A79: żabka | B79: 8.1

Sheet grudzien2024
E1: Przychody | H1: Stan konta na początku miesiąca | J1: Koszty stałe | K1: =SUM(J3:J995) -> 13626.93
A2: kategoria | B2: kwota | C2: opis | D2: data
A3: auto | B3: 4763 | C3: OC/ac | D3: 45626.554 | E3: sml | F3: 31517 | H3: =Zbiorczy!D54 -> 182516.7 | J3: =SUMIF($A$3:A$94, K3, B$3:B$94) -> 2913.03 | K3: zus | M3: =SUMIF($A$3:A$94, N3, B$3:B$94) -> 430.24 | N3: biedronka
A4: mieszkanie | B4: 1480 | D4: 45626.554 | E4: skąd? | J4: =SUMIF($A$3:A$94, K4, B$3:B$94) -> 3307 | K4: PIT36 | M4: =SUMIF($A$3:A$94, N4, B$3:B$94) -> 52.05 | N4: żabka
A5: fun | B5: 177 | C5: prezent mihvu | D5: 45629.489 | E5: sml prezent | J5: =SUMIF($A$3:A$94, K5, B$3:B$94) -> 5477 | K5: VAT | M5: =SUMIF($A$3:A$94, N5, B$3:B$94) -> 7120 | N5: auto
A6: mieszkanie | B6: 350 | C6: parking | D6: 45629.492 | J6: =SUMIF($A$3:A$94, K6, B$3:B$94) -> 1929.9 | K6: mieszkanie | M6: =SUMIF($A$3:A$94, N6, B$3:B$94) -> 533.27 | N6: paliwo
A7: lekarz | B7: 200 | D7: 45629.492 | J7: =SUMIF($A$3:A$94, K7, B$3:B$94) -> 0 | K7: kredyt | M7: =SUMIF($A$3:A$94, N7, B$3:B$94) -> 3753.85 | N7: fun
A8: przejazdy | B8: 105 | C8: pociag birr | D8: 45629.5 | M8: =SUMIF($A$3:A$94, N8, B$3:B$94) -> 7120 | N8: auto
A9: biuro | B9: 228 | C9: play | D9: 45631.45
A10: biuro | B10: 83 | C10: orange | D10: 45631.451
A11: auto | B11: 2328 | C11: tucson | D11: 45631.452
A12: fun | B12: 120 | C12: latarka | D12: 45638.352
A13: fun | B13: 154.9
A14: fun | B14: 90.25
A15: auto | B15: 4
A16: auto | B16: 4
A17: fun | B17: 19.5
A18: auto | B18: 5
A19: biedronka | B19: 6.99
A20: fun | B20: 28
A21: biedronka | B21: 19.99
A22: fun | B22: 2
A23: fun | B23: 85
A24: biedronka | B24: 10.98
... A89: ZUS | B89: 2913.03
A90: PIT36 | B90: 12 | D90: 45718.569
A91: VAT | B91: 5477 | D91: 45718.569
A92: PIT36 | B92: 3295 | D92: 45718.569
A93: fun | B93: 400
A94: fun | B94: 99
A95: biuro | B95: 82.29
A96: biuro | B96: 227.55
A97: przejazdy | B97: 149
A98: przejazdy | B98: 104.3
A99: paliwo | B99: 167.04
A100: paliwo | B100: 140.65

Sheet listopad2024
E1: Przychody | H1: Stan konta na początku miesiąca | J1: Koszty stałe | K1: =SUM(J3:J999) -> 15039
A2: kategoria | B2: kwota | C2: opis | D2: data
A3: fun | B3: 8200 | C3: aparat | D3: 45606.889 | E3: sml | F3: 36109.11 | H3: =Zbiorczy!D53 -> 184586.09 | J3: =SUMIF($A$3:A$98, K3, B$3:B$98) -> 3000 | K3: zus | M3: =SUMIF($A$3:A$98, N3, B$3:B$98) -> 771 | N3: biedronka
A4: biuro | B4: 2000 | C4: bossa | D4: 45606.891 | E4: skąd? | J4: =SUMIF($A$3:A$98, K4, B$3:B$98) -> 4072 | K4: PIT36 | M4: =SUMIF($A$3:A$98, N4, B$3:B$98) -> 79.5 | N4: żabka
A5: przejazdy | B5: 300 | C5: birr | D5: 45606.895 | E5: sml prezent | J5: =SUMIF($A$3:A$98, K5, B$3:B$98) -> 6117 | K5: VAT | M5: =SUMIF($A$3:A$98, N5, B$3:B$98) -> 4325 | N5: auto
A6: biuro | B6: 83 | C6: orange | D6: 45606.895 | J6: =SUMIF($A$3:A$98, K6, B$3:B$98) -> 1850 | K6: mieszkanie | M6: =SUMIF($A$3:A$98, N6, B$3:B$98) -> 563 | N6: paliwo
A7: biuro | B7: 230 | C7: play | D7: 45606.895 | J7: =SUMIF($A$3:A$98, K7, B$3:B$98) -> 0 | K7: kredyt | M7: =SUMIF($A$3:A$98, N7, B$3:B$98) -> 11825 | N7: fun
A8: auto | B8: 2325 | D8: 45606.895 | M8: =SUMIF($A$3:A$98, N8, B$3:B$98) -> 4325 | N8: auto
A9: paliwo | B9: 76 | D9: 45606.895
A10: fun | B10: 100 | C10: frontendmasters | D10: 45606.896
A11: fun | B11: 113 | C11: madara | D11: 45606.896
A12: biedronka | B12: 20 | D12: 45606.896
A13: przejazdy | B13: 8 | D13: 45606.896
A14: biedronka | B14: 16 | D14: 45606.896
A15: żabka | B15: 10 | D15: 45606.896
A16: fun | B16: 258 | C16: prezent | D16: 45606.896
A17: fun | B17: 600 | C17: nowa forma | D17: 45606.897
A18: fun | B18: 200 | C18: osłona fuji | D18: 45606.897
A19: fun | B19: 100 | C19: bateria fuji | D19: 45606.897
A20: biedronka | B20: 9 | D20: 45606.897
A21: przejazdy | B21: 8 | D21: 45606.897
A22: mieszkanie | B22: 350 | D22: 45606.898
A23: biedronka | B23: 40 | D23: 45606.898
A24: fun | B24: 40 | C24: sml prezent | D24: 45606.897
A25: mieszkanie | B25: 1500 | D25: 45606.898
A26: żabka | B26: 5 | D26: 45606.898
A27: biedronka | B27: 67 | D27: 45606.898
A28: fun | B28: 136 | C28: pizza | D28: 45606.898
A29: ubrania | B29: 130 | D29: 45606.899
A30: żabka | B30: 10 | D30: 45606.899
A31: auto | B31: 2000 | C31: przeglad | D31: 45606.899
A32: lekarz | B32: 250 | C32: Badania | D32: 45608.314
A33: biedronka | B33: 20 | D33: 45608.406
A34: zus | B34: 3000 | D34: 45610.907
A35: lekarz | B35: 250 | D35: 45610.907
A36: apteka | B36: 200 | D36: 45610.907
A37: vat | B37: 6117 | D37: 45610.908
A38: PIT36 | B38: 4072 | D38: 45610.908
A39: biuro | B39: 350 | C39: hotel birr | D39: 45620.544
A40: paliwo | B40: 227 | D40: 45620.544
A41: paliwo | B41: 120 | D41: 45620.544
A42: żabka | B42: 11.5 | D42: 45620.588
A43: biedronka | B43: 185 | D43: 45620.588
A44: ubrania | B44: 20 | D44: 45620.588
A45: biedronka | B45: 63 | D45: 45620.588
A46: fun | B46: 69 | C46: pizza | D46: 45620.589
A47: fun | B47: 40 | C47: allegro smart | D47: 45620.589
A48: fun | B48: 257 | C48: prezent marta | D48: 45620.589
A49: biedronka | B49: 53 | D49: 45620.589
A50: ubrania | B50: 50 | D50: 45620.589
A51: żabka | B51: 20 | D51: 45620.589
A52: taxi | B52: 7 | D52: 45620.589
A53: fun | B53: 800 | C53: garnki | D53: 45620.589
A54: taxi | B54: 9 | D54: 45620.59
A55: lekarz | B55: 200 | D55: 45620.59
A56: żabka | B56: 23 | D56: 45620.59
A57: fun | B57: 100 | C57: kawa mama | D57: 45620.59
A58: przejazdy | B58: 4 | D58: 45620.59
A59: biuro | B59: 15 | C59: apple | D59: 45620.591
A60: fun | B60: 71 | C60: prezent p eugeniusz | D60: 45620.591
A61: ubrania | B61: 250 | C61: uniqlo | D61: 45620.591
A62: fun | B62: 26 | C62: knajpa | D62: 45620.591
A63: kawa | B63: 20 | D63: 45620.591
A64: przejazdy | B64: 4 | D64: 45620.591
A65: kawa | B65: 36 | D65: 45620.591
A66: rossman | B66: 10 | D66: 45620.592
A67: fun | B67: 15 | C67: kola | D67: 45620.592
A68: kawa | B68: 25 | D68: 45620.592
A69: przejazdy | B69: 4 | D69: 45620.592
A70: apteka | B70: 200 | D70: 45620.592
A71: rossman | B71: 13 | D71: 45620.592
A72: ubrania | B72: 10 | D72: 45620.592
A73: kawa | B73: 156 | D73: 45620.592
A74: lekarz | B74: 249 | C74: badania | D74: 45620.593
A75: biedronka | B75: 20 | D75: 45620.593
A76: fun | B76: 100 | C76: siepomaga | D76: 45620.593
A77: biedronka | B77: 178 | D77: 45620.605
A78: kawa | B78: 135 | D78: 45622.372
A79: fun | B79: 200 | C79: prezent rodzice Tusi | D79: 45622.373
A80: fun | B80: 400 | C80: multisport | D80: 45626.548
A81: biuro | B81: 350 | C81: księgowa | D81: 45626.548
A82: paliwo | B82: 140 | D82: 45626.548
A83: biedronka | B83: 100 | D83: 45626.55

Sheet pazdziernik2024
E1: Przychody | H1: Stan konta na początku miesiąca | J1: Koszty stałe | K1: =SUM(J3:J999) -> 14113
A2: kategoria | B2: kwota | C2: opis | D2: data
A3: lekarz | B3: 860 | D3: 45567.334 | E3: sml | F3: 32269 | H3: =Zbiorczy!D52 -> 176449.09 | J3: =SUMIF($A$3:A$98, K3, B$3:B$98) -> 3000 | K3: zus | M3: =SUMIF($A$3:A$98, N3, B$3:B$98) -> 1570 | N3: biedronka
A4: fun | B4: 600 | C4: nowa forma | D4: 45567.335 | E4: skąd? | J4: =SUMIF($A$3:A$98, K4, B$3:B$98) -> 3679 | K4: PIT36 | M4: =SUMIF($A$3:A$98, N4, B$3:B$98) -> 6 | N4: żabka
A5: apteka | B5: 67 | D5: 45567.335 | E5: sml prezent | J5: =SUMIF($A$3:A$98, K5, B$3:B$98) -> 5602 | K5: VAT | M5: =SUMIF($A$3:A$98, N5, B$3:B$98) -> 0 | N5: auto
A6: mieszkanie | B6: 1382 | D6: 45567.335 | J6: =SUMIF($A$3:A$98, K6, B$3:B$98) -> 1832 | K6: mieszkanie | M6: =SUMIF($A$3:A$98, N6, B$3:B$98) -> 815 | N6: paliwo
A7: mieszkanie | B7: 350 | D7: 45567.335 | J7: =SUMIF($A$3:A$98, K7, B$3:B$98) -> 0 | K7: kredyt | M7: =SUMIF($A$3:A$98, N7, B$3:B$98) -> 3763 | N7: fun
A8: przejazdy | B8: 8 | D8: 45567.335 | M8: =SUMIF($A$3:A$98, N8, B$3:B$98) -> 0 | N8: auto
A9: ubrania | B9: 170 | C9: fryzjer | D9: 45568.4
A10: fun | B10: 360 | C10: drobny prezent | D10: 45570.501
A11: paliwo | B11: 155 | D11: 45570.501
A12: biuro | B12: 228 | C12: p4 | D12: 45570.502
A13: biuro | B13: 83 | C13: orange | D13: 45570.502
A14: auto | B14: 2 326,62 | D14: 45570.502
A15: biedronka | B15: 3 | D15: 45570.503
A16: lekarz | B16: 200 | D16: 45570.504
A17: żabka | B17: 6 | D17: 45570.504
A18: przejazdy | B18: 12 | D18: 45570.504
A19: fun | B19: 625 | C19: angielski | D19: 45570.504
A20: rossman | B20: 38 | D20: 45570.504
A21: przejazdy | B21: 8 | D21: 45570.504
A22: apteka | B22: 67 | D22: 45570.504
A23: fun | B23: 30 | C23: ikea | D23: 45570.505
A24: biedronka | B24: 17 | D24: 45570.505
A25: przejazdy | B25: 8 | D25: 45570.505
A26: fun | B26: 78 | C26: blask | D26: 45570.505
A27: fun | B27: 44 | D27: 45570.505
A28: fun | B28: 140 | C28: paszport | D28: 45570.507
A29: fun | B29: 110 | C29: Kawa i książka | D29: 45571.353
A30: kawa | B30: 208 | D30: 45572.354
A31: ZUS | B31: 3000 | D31: 45578.753
A32: fun | B32: 126 | D32: 45578.754
A33: lekarz | B33: 200 | C33: kamil | D33: 45578.754
A34: mieszkanie | B34: 100 | C34: inea | D34: 45578.755
A35: fun | B35: 650 | C35: prezent mama | D35: 45579.377
A36: apteka | B36: 65 | D36: 45579.881
A37: lekarz | B37: 200 | D37: 45582.92
A38: lekarz | B38: 350 | D38: 45582.92
A39: apteka | B39: 140 | D39: 45582.92
A40: PIT36 | B40: 3679 | D40: 45582.922
A41: VAT | B41: 5602 | D41: 45582.922
A42: paliwo | B42: 250 | D42: 45584.555
A43: paliwo | B43: 180 | D43: 45584.555
A44: apteka | B44: 140 | D44: 45584.557
A45: biedronka | B45: 250 | D45: 45588.329
A46: biedronka | B46: 1300 | D46: 45588.329
A47: kawa | B47: 263 | D47: 45589.853
A48: biuro | B48: 350 | D48: 45594.787
A49: fun | B49: 400 | C49: multisport | D49: 45594.788
A50: lekarz | B50: 200 | C50: kamil | D50: 45594.792
A51: fun | B51: 600 | C51: Angielski | D51: 45596.57
A52: paliwo | B52: 230 | D52: 45596.571

Sheet wrzesien2024
E1: Przychody | H1: Stan konta na początku miesiąca | J1: Koszty stałe | K1: =SUM(J3:J999) -> 15750
A2: kategoria | B2: kwota | C2: opis | D2: data
A3: mieszkanie | B3: 1382 | D3: 45538.826 | E3: sml | F3: 36211 | H3: =Zbiorczy!D51 -> 167588.64 | J3: =SUMIF($A$3:A$98, K3, B$3:B$98) -> 3000 | K3: zus | M3: =SUMIF($A$3:A$98, N3, B$3:B$98) -> 2819 | N3: biedronka
A4: mieszkanie | B4: 350 | D4: 45538.826 | E4: skąd? | J4: =SUMIF($A$3:A$98, K4, B$3:B$98) -> 4131 | K4: PIT36 | M4: =SUMIF($A$3:A$98, N4, B$3:B$98) -> 0 | N4: żabka
A5: biedronka | B5: 1200 | D5: 45538.827 | E5: sml prezent | J5: =SUMIF($A$3:A$98, K5, B$3:B$98) -> 6227 | K5: VAT | M5: =SUMIF($A$3:A$98, N5, B$3:B$98) -> 0 | N5: auto
A6: biedronka | B6: 160 | D6: 45538.827 | J6: =SUMIF($A$3:A$98, K6, B$3:B$98) -> 2392 | K6: mieszkanie | M6: =SUMIF($A$3:A$98, N6, B$3:B$98) -> 300 | N6: paliwo
A7: fun | B7: 165 | C7: książka | D7: 45538.827 | J7: =SUMIF($A$3:A$98, K7, B$3:B$98) -> 0 | K7: kredyt | M7: =SUMIF($A$3:A$98, N7, B$3:B$98) -> 5586 | N7: fun
A8: rossman | B8: 18 | D8: 45538.827 | M8: =SUMIF($A$3:A$98, N8, B$3:B$98) -> 0 | N8: auto
A9: biedronka | B9: 9 | D9: 45538.827
A10: biedronka | B10: 60 | D10: 45538.827
A11: fun | B11: 175 | C11: multisport | D11: 45538.836
A12: fun | B12: 600 | C12: Nowa forma | D12: 45539.371
A13: ubrania | B13: 80 | C13: fryzjer | D13: 45539.914
A14: rossman | B14: 9 | D14: 45539.914
A15: fun | B15: 9 | C15: brystol i taśma do fotek | D15: 45539.915
A16: kawa | B16: 187 | D16: 45539.917
A17: fun | B17: 58 | C17: zdolni | D17: 45542.554
A18: auto | B18: 2 333,17 | D18: 45542.555
A19: biuro | B19: 227.55 | C19: p4 | D19: 45542.557
A20: biuro | B20: 82 | C20: orange | D20: 45542.558
A21: rossman | B21: 110 | D21: 45546.567
A22: fun | B22: 50 | D22: 45547.62
A23: lekarz | B23: 200 | C23: Kamil | D23: 45547.62
A24: rossman | B24: 45 | D24: 45549.639
A25: apteka | B25: 60 | D25: 45549.639
A26: VAT | B26: 6227 | D26: 45549.639
A27: PIT36 | B27: 4131 | D27: 45549.64
A28: ZUS | B28: 3000 | D28: 45549.641
A29: mieszkanie | B29: 100 | D29: 45554.627
A30: fun | B30: 100 | C30: Frontend | D30: 45554.627
A31: lekarz | B31: 200 | D31: 45554.627
A32: lekarz | B32: 460 | D32: 45554.627
A33: paliwo | B33: 300 | D33: 45557.877
A34: kawa | B34: 177 | D34: 45558.476
A35: biedronka | B35: 46 | D35: 45558.476
A36: fun | B36: 6 | C36: pićku | D36: 45558.476
A37: taxi | B37: 20 | D37: 45558.476
A38: biedronka | B38: 1200 | D38: 45558.477
A39: biedronka | B39: 66 | D39: 45558.477
A40: mieszkanie | B40: 300 | C40: prad | D40: 45558.478
A41: fun | B41: 44 | C41: wolt | D41: 45558.478
A42: biedronka | B42: 20 | D42: 45558.478
A43: rossman | B43: 70 | D43: 45558.478
A44: biedronka | B44: 40 | D44: 45558.478
A45: fun | B45: 20 | C45: medium | D45: 45559.82
A46: fun | B46: 40 | C46: disney | D46: 45559.82
A47: fun | B47: 100 | C47: frontendmasters | D47: 45559.82
A48: biedronka | B48: 18 | D48: 45559.82
A49: lekarz | B49: 200 | C49: kamil | D49: 45559.821
A50: fun | B50: 1603 | C50: x | D50: 45559.827
A51: fun | B51: 60 | C51: pitagoras | D51: 45559.827
A52: fun | B52: 25 | C52: biuro | D52: 45559.827
A53: fun | B53: 180 | C53: szklanki | D53: 45559.829
A54: lekarz | B54: 200 | C54: kamil | D54: 45562.368
A55: mieszkanie | B55: 260 | C55: ikea | D55: 45565.901
A56: fun | B56: 50 | C56: fotografia | D56: 45565.901
A57: biuro | B57: 350 | C57: kancelaria | D57: 45570.507
A58: fun | B58: 175 | C58: multisport | D58: 45570.507
A59: fun | B59: 150 | C59: birr | D59: 45570.508
A60: lekarz | B60: 200 | C60: kamil | D60: 45570.508
A61: fun | B61: 300 | C61: kluska | D61: 45570.508
A62: fun | B62: 1676 | D62: 45570.509

Sheet sierpien2024
E1: Przychody | H1: Stan konta na początku miesiąca | J1: Koszty stałe | K1: =SUM(J3:J999) -> 15975
A2: kategoria | B2: kwota | C2: opis | D2: data
A3: biedronka | B3: 1000 | D3: 45501.847 | E3: sml | F3: 35307 | H3: =Zbiorczy!D50 -> 160477.97 | J3: =SUMIF($A$3:A$98, K3, B$3:B$98) -> 3000 | K3: zus | M3: =SUMIF($A$3:A$98, N3, B$3:B$98) -> 2114 | N3: biedronka
A4: fun | B4: 54 | C4: Aliexpress | D4: 45502.544 | E4: skąd | J4: =SUMIF($A$3:A$98, K4, B$3:B$98) -> 4159 | K4: PIT36 | M4: =SUMIF($A$3:A$98, N4, B$3:B$98) -> 18 | N4: żabka
A5: kawa | B5: 173 | D5: 45503.583 | E5: sml prezent | J5: =SUMIF($A$3:A$98, K5, B$3:B$98) -> 6204 | K5: VAT | M5: =SUMIF($A$3:A$98, N5, B$3:B$98) -> 2494 | N5: auto
A6: fun | B6: 170 | C6: powerbank | D6: 45505.895 | J6: =SUMIF($A$3:A$98, K6, B$3:B$98) -> 2612 | K6: mieszkanie | M6: =SUMIF($A$3:A$98, N6, B$3:B$98) -> 677 | N6: paliwo
A7: mieszkanie | B7: 200 | C7: pranie kanapy | D7: 45505.895 | J7: =SUMIF($A$3:A$98, K7, B$3:B$98) -> 0 | K7: kredyt | M7: =SUMIF($A$3:A$98, N7, B$3:B$98) -> 3863.33 | N7: fun
A8: biedronka | B8: 37 | D8: 45505.895 | M8: =SUMIF($A$3:A$98, N8, B$3:B$98) -> 2494 | N8: auto
A9: rossman | B9: 28 | D9: 45505.895
A10: ubrania | B10: 80 | C10: fryzjer | D10: 45505.896
A11: lekarz | B11: 100 | C11: gawilk | D11: 45505.896
A12: fun | B12: 1000 | C12: angielski | D12: 45505.896
A13: biedronka | B13: 10 | D13: 45505.896
A14: mieszkanie | B14: 350 | C14: parking | D14: 45505.897
A15: mieszkanie | B15: 1382 | D15: 45505.899
A16: mieszkanie | B16: 580 | D16: 45509.344
A17: fun | B17: 140 | C17: jedzonko | D17: 45509.347
A18: biedronka | B18: 72 | D18: 45509.347
A19: biedronka | B19: 36 | D19: 45509.348
A20: rossman | B20: 28 | D20: 45509.348
A21: biedronka | B21: 300 | D21: 45509.348
A22: fun | B22: 255 | C22: lampka led części | D22: 45509.348
A23: fun | B23: 105 | C23: ceramika | D23: 45509.348
A24: rossman | B24: 18 | D24: 45509.348
A25: biedronka | B25: 7 | D25: 45509.349
A26: biedronka | B26: 12 | D26: 45509.349
A27: biuro | B27: 350 | C27: ksiegowa | D27: 45509.349
A28: paliwo | B28: 227 | D28: 45509.349
A29: fun | B29: 176 | C29: multisport | D29: 45509.35
A30: fun | B30: 70 | C30: Pho | D30: 45509.568
A31: rossman | B31: 37 | C31: Kampucza | D31: 45510.699
A32: biedronka | B32: 78 | D32: 45511.345
A33: fun | B33: 600 | C33: Nowa forma | D33: 45511.538
A34: auto | B34: 2332 | D34: 45512.367
A35: biuro | B35: 228 | C35: p4 | D35: 45512.368
A36: biuro | B36: 83 | C36: orange | D36: 45512.369
A37: PIT36 | B37: 4159 | D37: 45518.379
A38: VAT | B38: 6204 | D38: 45518.379
A39: mieszkanie | B39: 100 | C39: inea | D39: 45518.379
A40: fun | B40: 100 | C40: frontendmasters | D40: 45518.379
A41: auto | B41: 64 | C41: autostrada | D41: 45518.38
A42: paliwo | B42: 213 | D42: 45518.38
A43: auto | B43: 62 | C43: autostrada | D43: 45518.38
A44: paliwo | B44: 155 | D44: 45518.38
A45: fun | B45: 25 | C45: diody do lampki | D45: 45518.38
A46: biedronka | B46: 150 | D46: 45518.38
A47: fun | B47: 240 | C47: prezent Martusia | D47: 45518.38
A48: biedronka | B48: 5 | D48: 45518.381
A49: biedronka | B49: 80 | D49: 45518.381
A50: fun | B50: 100 | C50: prezent mieszko | D50: 45518.381
A51: rossman | B51: 35 | D51: 45518.381
A52: ZUS | B52: 3000 | D52: 45518.613
A53: kawa | B53: 192 | D53: 45525.382
A54: lekarz | B54: 200 | C54: psycholog | D54: 45538.827
A55: lekarz | B55: 250 | C55: dentysta | D55: 45538.828
A56: fun | B56: 88 | C56: restauracja | D56: 45538.828
A57: przejazdy | B57: 20 | C57: bielty | D57: 45538.828
A58: fun | B58: 16 | C58: lody | D58: 45538.828
A59: przejazdy | B59: 10 | D59: 45538.828
A60: taxi | B60: 21 | D60: 45538.828
A61: biuro | B61: 20 | D61: 45538.828
A62: biedronka | B62: 108 | D62: 45538.829
A63: żabka | B63: 11 | D63: 45538.829
A64: biedronka | B64: 20 | D64: 45538.829
A65: fun | B65: 90 | C65: kubek martusia | D65: 45538.829
A66: auto | B66: 20 | C66: parking | D66: 45538.83
A67: fun | B67: 30 | C67: książka | D67: 45538.83
A68: rossman | B68: 19 | D68: 45538.83
A69: fun | B69: 37 | C69: mc donalds | D69: 45538.83
A70: lekarz | B70: 200 | C70: psycholog | D70: 45538.83
A71: przejazdy | B71: 10 | D71: 45538.83
A72: fun | B72: 51 | C72: lutowanie | D72: 45538.83
A73: fun | B73: 50 | C73: prime | D73: 45538.831
A74: żabka | B74: 7 | D74: 45538.831
A75: rossman | B75: 20 | D75: 45538.831
A76: fun | B76: 20 | C76: glupotty | D76: 45538.831
A77: fun | B77: 33.33 | C77: meetup | D77: 45538.831
A78: fun | B78: 30 | C78: allegro lutowanie | D78: 45538.831
A79: fun | B79: 46 | C79: pyszne | D79: 45538.832
A80: rossman | B80: 9 | C80: kompucza | D80: 45538.832
A81: fun | B81: 22 | C81: piwna stopa | D81: 45538.832
A82: fun | B82: 51 | C82: knajpa | D82: 45538.832
A83: fun | B83: 80 | C83: modra | D83: 45538.832
A84: fun | B84: 58 | C84: keycapy | D84: 45538.833
A85: taxi | B85: 12 | D85: 45538.833
A86: taxi | B86: 17 | D86: 45538.833
A87: fun | B87: 65 | C87: tsunami | D87: 45538.833
A88: rossman | B88: 18 | D88: 45538.833
A89: auto | B89: 16 | C89: myjnia | D89: 45538.833
A90: biedronka | B90: 16 | D90: 45538.833
A91: fun | B91: 20 | C91: piwko | D91: 45538.833
A92: fun | B92: 41 | C92: smaczki dlapsa | D92: 45538.833
A93: biuro | B93: 15 | C93: apple | D93: 45538.833
A94: biedronka | B94: 32 | D94: 45538.834
A95: biedronka | B95: 151 | C95: auchan kuźnia | D95: 45538.834
A96: apteka | B96: 38 | D96: 45538.836
A97: rossman | B97: 35 | D97: 45538.836
A98: paliwo | B98: 82 | D98: 45538.837
A99: paliwo | B99: 158 | D99: 45538.837
A100: paliwo | B100: 196 | D100: 45538.837
...

Sheet lipiec2024
E1: Przychody | H1: Stan konta na początku miesiąca | J1: Koszty stałe | K1: =SUM(J3:J999) -> 14687.03
A2: kategoria | B2: kwota | C2: opis | D2: data
A3: biedronka | B3: 70 | C3: filtry | D3: 45474.341 | E3: sml | F3: 30750 | H3: =Zbiorczy!D49 -> 157232 | J3: =SUMIF($A$3:A$98, K3, B$3:B$98) -> 2913.03 | K3: zus | M3: =SUMIF($A$3:A$98, N3, B$3:B$98) -> 1892 | N3: biedronka
A4: kawa | B4: 192 | D4: 45474.343 | E4: waga | F4: 67 | J4: =SUMIF($A$3:A$98, K4, B$3:B$98) -> 3641 | K4: PIT36 | M4: =SUMIF($A$3:A$98, N4, B$3:B$98) -> 43 | N4: żabka
A5: mieszkanie | B5: 1382 | D5: 45476.291 | E5: sml prezent | F5: 150 | J5: =SUMIF($A$3:A$98, K5, B$3:B$98) -> 5365 | K5: VAT | M5: =SUMIF($A$3:A$98, N5, B$3:B$98) -> 2674 | N5: auto
A6: mieszkanie | B6: 350 | D6: 45476.291 | J6: =SUMIF($A$3:A$98, K6, B$3:B$98) -> 2768 | K6: mieszkanie | M6: =SUMIF($A$3:A$98, N6, B$3:B$98) -> 829 | N6: paliwo
A7: mieszkanie | B7: 340 | C7: ikea | D7: 45476.381 | J7: =SUMIF($A$3:A$98, K7, B$3:B$98) -> 0 | K7: kredyt | M7: =SUMIF($A$3:A$98, N7, B$3:B$98) -> 6538 | N7: fun
A8: fun | B8: 210 | C8: zigbee | D8: 45476.381 | M8: =SUMIF($A$3:A$98, N8, B$3:B$98) -> 2674 | N8: auto
A9: auto | B9: 2333 | D9: 45477.318
A10: biuro | B10: 83 | C10: orange | D10: 45477.319
A11: biuro | B11: 233 | C11: play | D11: 45477.319
A12: biedronka | B12: 1000 | D12: 45477.32
A13: fun | B13: 200 | C13: jula | D13: 45477.32
A14: mieszkanie | B14: 100 | D14: 45484.526
A15: fun | B15: 500 | C15: Knajpa | D15: 45484.526
A16: auto | B16: 160 | D16: 45485.332
A17: fun | B17: 330 | C17: restauracja rudy | D17: 45487.717
A18: fun | B18: 167 | C18: arduino | D18: 45487.717
A19: biedronka | B19: 17 | C19: chilep | D19: 45487.717
A20: fun | B20: 89 | C20: filamenty | D20: 45487.718
A21: fun | B21: 600 | C21: nowa forma | D21: 45487.718
A22: kawa | B22: 93 | C22: strag | D22: 45487.718
A23: fun | B23: 8 | C23: lody | D23: 45487.718
A24: mieszkanie | B24: 136 | C24: ikea | D24: 45487.718
A25: paliwo | B25: 237 | D25: 45487.719
A26: paliwo | B26: 120 | D26: 45487.719
A27: biedronka | B27: 76 | D27: 45488.425
A28: VAT | B28: 5365 | D28: 45489.318
A29: PIT36 | B29: 3641 | D29: 45489.318
A30: ZUS | B30: 2913.03 | D30: 45489.319
A31: lekarz | B31: 100 | D31: 45491.33
A32: fun | B32: 100 | C32: Shelter | D32: 45491.33
A33: fun | B33: 2000 | C33: Jula | D33: 45491.331
A34: fun | B34: 200 | C34: Autka | D34: 45500.353
A35: fun | B35: 175 | C35: multisport | D35: 45501.847
A36: paliwo | B36: 205 | D36: 45501.847
A37: paliwo | B37: 267 | D37: 45501.848
A38: auto | B38: 160 | C38: przegląd | D38: 45501.848
A39: żabka | B39: 30 | D39: 45501.849
A40: biedronka | B40: 20 | D40: 45501.849
A41: biedronka | B41: 80 | D41: 45501.849
A42: biedronka | B42: 22 | D42: 45501.849
A43: żabka | B43: 5 | D43: 45501.849
A44: biedronka | B44: 22 | D44: 45501.849
A45: fun | B45: 52 | C45: czujniki | D45: 45501.849
A46: fun | B46: 85 | D46: 45501.851
A47: żabka | B47: 5 | D47: 45501.851
A48: kawa | B48: 134 | D48: 45501.851
A49: rossman | B49: 30 | D49: 45501.851
A50: żabka | B50: 3 | D50: 45501.851
A51: taxi | B51: 18 | D51: 45501.851
A52: biuro | B52: 15 | C52: apple | D52: 45501.851
A53: apteka | B53: 14 | D53: 45501.851
A54: fun | B54: 400 | C54: garnki | D54: 45501.852
A55: biedronka | B55: 76 | D55: 45501.852
A56: fun | B56: 10 | C56: castorama | D56: 45501.852
A57: biedronka | B57: 35 | D57: 45501.852
A58: ubrania | B58: 70 | C58: buty siłka | D58: 45501.853
A59: fun | B59: 55 | C59: wino | D59: 45501.853
A60: auto | B60: 5 | C60: parking | D60: 45501.853
A61: biedronka | B61: 20 | C61: chliep | D61: 45501.853
A62: biedronka | B62: 17 | C62: czarny chliep | D62: 45501.853
A63: rossman | B63: 9 | D63: 45501.854
A64: biuro | B64: 17 | C64: inpost waga | D64: 45501.854
A65: fun | B65: 8 | C65: lody | D65: 45501.854
A66: fun | B66: 200 | C66: japfest | D66: 45501.855
A67: fun | B67: 130 | C67: koszulka | D67: 45501.855
A68: taxi | B68: 30 | D68: 45501.856
A69: fun | B69: 40 | C69: burger | D69: 45501.856
A70: fun | B70: 200 | C70: frontendmasters & disney | D70: 45501.856
A71: mieszkanie | B71: 460 | C71: prąd | D71: 45501.857
A72: auto | B72: 16 | C72: myjnia | D72: 45501.859
A73: biedronka | B73: 200 | D73: 45501.859
A74: biuro | B74: 20 | C74: miedium | D74: 45501.86
A75: fun | B75: 30 | C75: disney | D75: 45501.863
A76: fun | B76: 100 | C76: frontendmastsers | D76: 45501.863
A77: biedronka | B77: 165 | D77: 45501.864
A78: biedronka | B78: 22 | D78: 45501.864
A79: fun | B79: 216 | C79: Marta? | D79: 45501.866
A80: fun | B80: 433 | D80: 45501.866
A81: biedronka | B81: 50 | D81: 45502.307

Sheet czerwiec2024
E1: Przychody | H1: Stan konta na początku miesiąca | J1: Koszty stałe | K1: =SUM(J3:J999) -> 14834
A2: kategoria | B2: kwota | C2: opis | D2: data
A3: biedronka | B3: 1000 | D3: 45442.801 | E3: sml | F3: 35307 | H3: =Zbiorczy!D48 -> 144744 | J3: =SUMIF($A$3:A$98, K3, B$3:B$98) -> 2914 | K3: zus | M3: =SUMIF($A$3:A$98, N3, B$3:B$98) -> 1787 | N3: biedronka
A4: kawa | B4: 163 | D4: 45443.355 | J4: =SUMIF($A$3:A$98, K4, B$3:B$98) -> 3880 | K4: PIT36 | M4: =SUMIF($A$3:A$98, N4, B$3:B$98) -> 50 | N4: żabka
A5: fun | B5: 680 | C5: nowa forma | D5: 45443.357 | J5: =SUMIF($A$3:A$98, K5, B$3:B$98) -> 6208 | K5: VAT | M5: =SUMIF($A$3:A$98, N5, B$3:B$98) -> 2347 | N5: auto
A6: fun | B6: 58 | C6: zdolni | D6: 45443.539 | J6: =SUMIF($A$3:A$98, K6, B$3:B$98) -> 1832 | K6: mieszkanie | M6: =SUMIF($A$3:A$98, N6, B$3:B$98) -> 240 | N6: paliwo
A7: fun | B7: 80 | C7: kabel i ladowarka | D7: 45445.576 | J7: =SUMIF($A$3:A$98, K7, B$3:B$98) -> 0 | K7: kredyt | M7: =SUMIF($A$3:A$98, N7, B$3:B$98) -> 2488 | N7: fun
A8: fun | B8: 100 | C8: AirPods | D8: 45446.824 | M8: =SUMIF($A$3:A$98, N8, B$3:B$98) -> 2347 | N8: auto
A9: biuro | B9: 236 | C9: play | D9: 45447.882
A10: biuro | B10: 83 | C10: orange | D10: 45447.883
A11: mieszkanie | B11: 1382 | D11: 45447.891
A12: mieszkanie | B12: 350 | D12: 45447.891
A13: żabka | B13: 15 | D13: 45449.64
A14: auto | B14: 2335 | D14: 45449.804
A15: żabka | B15: 20 | D15: 45451.329
A16: biedronka | B16: 33 | D16: 45451.527
A17: mieszkanie | B17: 100 | D17: 45452.859
A18: biedronka | B18: 60 | D18: 45453.325
A19: biedronka | B19: 20 | D19: 45453.581
A20: apteka | B20: 80 | D20: 45453.931
A21: fun | B21: 60 | C21: Zdolni | D21: 45454.62
A22: biedronka | B22: 30 | D22: 45454.883
A23: żabka | B23: 15 | D23: 45456.587
A24: fun | B24: 36 | C24: bankook | D24: 45456.587
A25: rossman | B25: 20 | D25: 45456.587
A26: taxi | B26: 50 | D26: 45456.736
A27: fun | B27: 370 | C27: Studio | D27: 45457.373
A28: fun | B28: 60 | C28: Bankook | D28: 45458.582
A29: biedronka | B29: 40 | D29: 45458.582
A30: biedronka | B30: 70 | D30: 45458.592
A31: fun | B31: 55 | C31: mokra wloszka | D31: 45459.564
A32: PIT36 | B32: 3868 | D32: 45459.581
A33: VAT | B33: 6208 | D33: 45459.645
A34: zus | B34: 2914 | D34: 45459.646
A35: PIT36 | B35: 12 | D35: 45459.647
A36: biedronka | B36: 180 | D36: 45465.355
A37: fun | B37: 168 | C37: waga | D37: 45465.922
A38: paliwo | B38: 140 | D38: 45467.343
A39: biedronka | B39: 50 | D39: 45467.343
A40: fun | B40: 100 | C40: Falla | D40: 45468.616
A41: fun | B41: 90 | C41: prezent andrzej | D41: 45468.891
A42: biedronka | B42: 95 | D42: 45468.892
A43: paliwo | B43: 100 | D43: 45473.428
A44: fun | B44: 175 | C44: mutlisport | D44: 45473.429
A45: biuro | B45: 348 | D45: 45473.43
A46: biedronka | B46: 68 | D46: 45473.43
A47: biedronka | B47: 131 | D47: 45473.43
A48: apteka | B48: 3 | D48: 45473.431
A49: auto | B49: 12 | D49: 45473.431
A50: fun | B50: 200 | C50: suwmiarka | D50: 45473.432
A51: fun | B51: 180 | C51: fillament | D51: 45473.432
A52: fun | B52: 76 | C52: fillament | D52: 45473.432
A53: ubrania | B53: 90 | C53: fryzjer | D53: 45473.433
A54: biedronka | B54: 10 | D54: 45473.433

Sheet maj2024
E1: Przychody | H1: Stan konta na początku miesiąca | J1: Koszty stałe | K1: =SUM(J3:J1097) -> 13658.78
A2: kategoria | B2: kwota | C2: opis | D2: data
A3: auto | B3: 2330 | C3: leasing | D3: 45417.471 | E3: sml | F3: 12792 | H3: =Zbiorczy!D47 -> 154950 | J3: =SUMIF($A$3:A$96, K3, B$3:B$96) -> 7677.78 | K3: zus | M3: =SUMIF($A$3:A$96, N3, B$3:B$96) -> 841.22 | N3: biedronka
A4: paliwo | B4: 250 | D4: 45417.471 | J4: =SUMIF($A$3:A$96, K4, B$3:B$96) -> 1726 | K4: PIT36 | M4: =SUMIF($A$3:A$96, N4, B$3:B$96) -> 115 | N4: żabka
A5: biuro | B5: 250 | C5: p4 | D5: 45417.472 | J5: =SUMIF($A$3:A$96, K5, B$3:B$96) -> 2011 | K5: VAT | M5: =SUMIF($A$3:A$96, N5, B$3:B$96) -> 2601 | N5: auto
A6: biuro | B6: 83 | C6: orange | D6: 45417.477 | J6: =SUMIF($A$3:A$96, K6, B$3:B$96) -> 2244 | K6: mieszkanie | M6: =SUMIF($A$3:A$96, N6, B$3:B$96) -> 340 | N6: paliwo
A7: biedronka | B7: 200 | D7: 45417.477 | J7: =SUMIF($A$3:A$96, K7, B$3:B$96) -> 0 | K7: kredyt | M7: =SUMIF($A$3:A$96, N7, B$3:B$96) -> 4132 | N7: fun
A8: mieszkanie | B8: 350 | C8: parking | D8: 45417.482 | M8: =SUMIF($A$3:A$96, N8, B$3:B$96) -> 2601 | N8: auto
A9: mieszkanie | B9: 1382 | D9: 45417.483
A10: fun | B10: 30 | C10: Kfc | D10: 45417.732
A11: paliwo | B11: 90 | D11: 45417.732
A12: mieszkanie | B12: 217 | C12: Części do robota | D12: 45419.527
A13: fun | B13: 333 | C13: prezent murrtusia | D13: 45421.734
A14: żabka | B14: 13 | D14: 45421.735
A15: fun | B15: 265 | C15: pad | D15: 45421.735
A16: fun | B16: 100 | C16: frontendmasters | D16: 45421.736
A17: mieszkanie | B17: 100 | C17: inea | D17: 45421.738
A18: auto | B18: 246 | C18: upoważnienie | D18: 45421.74
A19: biedronka | B19: 19 | D19: 45421.839
A20: biedronka | B20: 65 | D20: 45425.329
A21: fun | B21: 550 | C21: Jula | D21: 45425.514
A22: apteka | B22: 180 | D22: 45425.786
A23: fun | B23: 55 | D23: 45427.656
A24: fun | B24: 58 | D24: 45429.706
A25: ZUS | B25: 7677.78 | D25: 45430.373
A26: PIT36 | B26: 12 | D26: 45430.373
A27: fun | B27: 80 | C27: Jula | D27: 45432.318
A28: VAT | B28: 2011 | D28: 45432.318
A29: PIT36 | B29: 1714 | D29: 45432.318
A30: biedronka | B30: 110 | D30: 45432.782
A31: fun | B31: 100 | D31: 45432.783
A32: fun | B32: 750 | C32: angielski | D32: 45442.792
A33: apteka | B33: 100 | D33: 45442.793
A34: fun | B34: 80 | C34: temu | D34: 45442.794
A35: lekarz | B35: 200 | C35: dermatolog | D35: 45442.794
A36: fun | B36: 30 | C36: czarity | D36: 45442.794
A37: biedronka | B37: 30 | D37: 45442.794
A38: fun | B38: 200 | C38: jula | D38: 45442.794
A39: fun | B39: 208 | C39: prezent tusia | D39: 45442.794
A40: żabka | B40: 9 | D40: 45442.794
A41: fun | B41: 95 | C41: tort | D41: 45442.794
A42: fun | B42: 80 | C42: koc piknik | D42: 45442.795
A43: kawa | B43: 80 | C43: ziarna | D43: 45442.795
A44: auto | B44: 20 | C44: parking | D44: 45442.795
A45: biedronka | B45: 19 | D45: 45442.795
A46: żabka | B46: 15 | D46: 45442.795
A47: fun | B47: 150 | C47: kwiaty | D47: 45442.795
A48: fun | B48: 9 | C48: torebka | D48: 45442.795
A49: mieszkanie | B49: 150 | D49: 45442.795
A50: fun | B50: 85 | C50: prezenty | D50: 45442.796
A51: fun | B51: 58 | C51: prezent tusia | D51: 45442.796
A52: żabka | B52: 17 | D52: 45442.796
A53: żabka | B53: 9 | D53: 45442.796
A54: fun | B54: 100 | C54: śniadanie Jula | D54: 45442.796
A55: biedronka | B55: 110 | D55: 45442.796
A56: fun | B56: 25 | C56: meet.js | D56: 45442.796
A57: fun | B57: 157 | C57: piknik | D57: 45442.796
A58: fun | B58: 22 | C58: lody | D58: 45442.797
A59: biedronka | B59: 150 | D59: 45442.797
A60: auto | B60: 5 | D60: 45442.797
A61: żabka | B61: 9 | D61: 45442.797
A62: fun | B62: 33 | C62: wolt | D62: 45442.797
A63: fun | B63: 58 | C63: wolt | D63: 45442.797
A64: biedronka | B64: 30 | D64: 45442.797
A65: fun | B65: 15 | C65: apple | D65: 45442.798
A66: żabka | B66: 23 | D66: 45442.798
A67: fun | B67: 47 | C67: wolt | D67: 45442.798
A68: fun | B68: 55 | C68: wolt | D68: 45442.798
A69: rossman | B69: 70 | D69: 45442.798
A70: biedronka | B70: 60 | D70: 45442.798
A71: fun | B71: 130 | C71: prezenta Agatka | D71: 45442.798
A72: biedronka | B72: 14 | D72: 45442.799
A73: żabka | B73: 20 | D73: 45442.799
A74: mieszkanie | B74: 45 | C74: kwiaty | D74: 45442.799
A75: fun | B75: 174 | C75: multisport | D75: 45442.803
A76: biuro | B76: 347 | D76: 45442.803
A77: biedronka | B77: 34.22 | D77: 45442.81
D998: 45443.336
D999: 45443.336
D1000: 45443.336
D1001: 45443.336
D1002: 45443.336
D1003: 45443.336
D1004: 45443.336
D1005: 45443.336
D1006: 45443.336
D1007: 45443.336
D1008: 45443.336
D1009: 45443.336
... D1097: 45443.336

Sheet kwiecien2024
E1: Przychody | H1: Stan konta na początku miesiąca | J1: Koszty stałe | K1: =SUM(J3:J999) -> 14553
A2: kategoria | B2: kwota | C2: opis | D2: data
A3: biedronka | B3: 100 | D3: 45385.341 | E3: sml | F3: 33948 | H3: =Zbiorczy!D46 -> 151444 | J3: =SUMIF($A$3:A$98, K3, B$3:B$98) -> 2913 | K3: zus | M3: =SUMIF($A$3:A$98, N3, B$3:B$98) -> 172 | N3: biedronka
A4: fun | B4: 400 | C4: usd | D4: 45385.342 | J4: =SUMIF($A$3:A$98, K4, B$3:B$98) -> 3385 | K4: PIT36 | M4: =SUMIF($A$3:A$98, N4, B$3:B$98) -> 21 | N4: żabka
A5: żabka | B5: 10 | D5: 45385.79 | J5: =SUMIF($A$3:A$98, K5, B$3:B$98) -> 5879 | K5: VAT | M5: =SUMIF($A$3:A$98, N5, B$3:B$98) -> 2332 | N5: auto
A6: auto | B6: 2332 | D6: 45386.241 | J6: =SUMIF($A$3:A$98, K6, B$3:B$98) -> 2376 | K6: mieszkanie | M6: =SUMIF($A$3:A$98, N6, B$3:B$98) -> 315 | N6: paliwo
A7: biuro | B7: 244 | C7: play | D7: 45386.242 | J7: =SUMIF($A$3:A$98, K7, B$3:B$98) -> 0 | K7: kredyt | M7: =SUMIF($A$3:A$98, N7, B$3:B$98) -> 11577 | N7: fun
A8: biuro | B8: 83 | C8: orange | D8: 45386.243 | M8: =SUMIF($A$3:A$98, N8, B$3:B$98) -> 2332 | N8: auto
A9: mieszkanie | B9: 1382 | D9: 45386.252
A10: fun | B10: 70 | C10: esim | D10: 45386.258
A11: kawa | B11: 40 | D11: 45386.797
A12: taxi | B12: 25 | D12: 45386.862
A13: ubrania | B13: 470 | D13: 45392.269
A14: fun | B14: 290 | D14: 45392.269
A15: mieszkanie | B15: 550 | D15: 45392.269
A16: paliwo | B16: 315 | D16: 45405.384
A17: fun | B17: 95 | C17: Szko nintendo | D17: 45405.436
A18: fun | B18: 908 | C18: Nintendo | D18: 45405.436
A19: fun | B19: 300 | C19: Zelda | D19: 45405.436
A20: biuro | B20: 107 | C20: BuJo | D20: 45405.439
A21: fun | B21: 130 | C21: Pizza | D21: 45406.615
A22: mieszkanie | B22: 94 | C22: parking | D22: 45406.858
A23: mieszkanie | B23: 350 | C23: kaucja parking | D23: 45406.858
A24: biedronka | B24: 72 | D24: 45408.314
A25: kawa | B25: 153 | D25: 45408.381
A26: PIT36 | B26: 12 | D26: 45409.806
A27: ZUS | B27: 2913 | D27: 45409.806
A28: VAT | B28: 5879 | D28: 45409.806
A29: PIT36 | B29: 3373 | D29: 45409.807
A30: fun | B30: 8252 | C30: Japonia | D30: 45409.808
A31: fun | B31: 180 | C31: it takes two | D31: 45409.843
A32: żabka | B32: 11 | D32: 45410.776
A33: fun | B33: 192 | C33: Opaska | D33: 45411.363
A34: fun | B34: 80 | C34: Szkło IP | D34: 45411.433
A35: fun | B35: 680 | C35: Nowa forma | D35: 45413.303
A36: biuro | B36: 350 | D36: 45413.494

Sheet marzec2024
E1: Przychody | H1: Stan konta na początku miesiąca | J1: Koszty stałe | K1: =SUM(J3:J996) -> 14580
A2: kategoria | B2: kwota | C2: opis | D2: data
A3: biedronka | B3: 900 | D3: 45352 | E3: sml | F3: 36373 | H3: =Zbiorczy!D45 -> 141285 | J3: =SUMIF($A$3:A$95, K3, B$3:B$95) -> 2900 | K3: zus | M3: =SUMIF($A$3:A$95, N3, B$3:B$95) -> 1681 | N3: biedronka
A4: mieszkanie | B4: 350 | D4: 45352.415 | J4: =SUMIF($A$3:A$95, K4, B$3:B$95) -> 3519 | K4: PIT36 | M4: =SUMIF($A$3:A$95, N4, B$3:B$95) -> 26 | N4: żabka
A5: fun | B5: 40 | C5: Paperspace | D5: 45352.47 | J5: =SUMIF($A$3:A$95, K5, B$3:B$95) -> 6329 | K5: VAT | M5: =SUMIF($A$3:A$95, N5, B$3:B$95) -> 2826.31 | N5: auto
A6: fun | B6: 24 | C6: Mc Donalda | D6: 45352.523 | J6: =SUMIF($A$3:A$95, K6, B$3:B$95) -> 1832 | K6: mieszkanie | M6: =SUMIF($A$3:A$95, N6, B$3:B$95) -> 1193 | N6: paliwo
A7: fun | B7: 45 | C7: Szampon do okularów | D7: 45352.6 | J7: =SUMIF($A$3:A$95, K7, B$3:B$95) -> 0 | K7: kredyt | M7: =SUMIF($A$3:A$95, N7, B$3:B$95) -> 3565 | N7: fun
A8: fun | B8: 16 | C8: Maczek | D8: 45352.645 | M8: =SUMIF($A$3:A$95, N8, B$3:B$95) -> 2826.31 | N8: auto
A9: ubrania | B9: 530 | D9: 45353.422
A10: biuro | B10: 290 | D10: 45354.451
A11: fun | B11: 60 | C11: Kino | D11: 45355.312
A12: biedronka | B12: 22 | D12: 45355.312
A13: fun | B13: 210 | C13: Mikrofon | D13: 45355.507
A14: auto | B14: 2330.31 | C14: leasing | D14: 45355.785
A15: biuro | B15: 227.55 | C15: play | D15: 45355.787
A16: biuro | B16: 87.29 | C16: orange | D16: 45355.787
A17: kawa | B17: 120 | D17: 45355.815
A18: apteka | B18: 90 | C18: Dexeryl | D18: 45356.771
A19: fun | B19: 45 | C19: dac | D19: 45356.782
A20: fun | B20: 45 | C20: apple music | D20: 45356.8
A21: mieszkanie | B21: 1382 | D21: 45356.861
A22: auto | B22: 246 | C22: Upoważnienie | D22: 45357.764
A23: fun | B23: 125 | C23: sluchawki | D23: 45357.894
A24: mieszkanie | B24: 100 | C24: internet | D24: 45358.771
A25: żabka | B25: 16 | C25: śniadanie | D25: 45358.771
A26: ubrania | B26: 128 | D26: 45358.875
A27: biedronka | B27: 75 | D27: 45359.316
A28: paliwo | B28: 257 | D28: 45359.798
A29: fun | B29: 350 | C29: Kwiaty | D29: 45359.798
A30: paliwo | B30: 186 | D30: 45360.385
A31: biedronka | B31: 26 | D31: 45362.357
A32: auto | B32: 250 | C32: koła | D32: 45362.472
A33: biedronka | B33: 30 | D33: 45363.931
A34: taxi | B34: 50 | D34: 45363.931
A35: apteka | B35: 140 | C35: ostrovit | D35: 45364.835
A36: biedronka | B36: 53 | D36: 45365.324
A37: ZUS | B37: 2900 | D37: 45365.575
A38: fun | B38: 350 | C38: Szkoła Jula | D38: 45366.58
A39: PIT36 | B39: 3519 | D39: 45366.806
A40: VAT | B40: 6329 | D40: 45366.806
A41: fun | B41: 50 | C41: kasianski | D41: 45368.593
A42: fun | B42: 100 | C42: kawiarnia | D42: 45368.594
A43: biedronka | B43: 30 | D43: 45369.312
A44: ubrania | B44: 100 | C44: fryzjer | D44: 45371.433
A45: fun | B45: 80 | D45: 45371.433
A46: lekarz | B46: 150 | D46: 45373.292
A47: paliwo | B47: 270 | D47: 45373.292
A48: przejazdy | B48: 40 | D48: 45373.292
A49: biedronka | B49: 15 | D49: 45373.293
A50: taxi | B50: 32 | D50: 45376.209
A51: biedronka | B51: 100 | D51: 45376.209
A52: paliwo | B52: 260 | D52: 45381.402
A53: fun | B53: 260 | C53: Prezent | D53: 45381.403
A54: Biedronka | B54: 60 | C54: Chełb i rossmann | D54: 45381.655
A55: biedronka | B55: 290 | D55: 45381.655
A56: paliwo | B56: 220 | D56: 45381.655
A57: fun | B57: 1000 | C57: Lozanna | D57: 45381.655
A58: biuro | B58: 348 | D58: 45385.343
A59: fun | B59: 200 | C59: multisport | D59: 45385.343
A60: fun | B60: 58 | C60: starbucks | D60: 45385.343
A61: fun | B61: 100 | C61: frontendmasters | D61: 45385.345
A62: fun | B62: 350 | C62: angielski | D62: 45385.345
A63: fun | B63: 35 | C63: ksiązka | D63: 45385.345
A64: fun | B64: 22 | C64: ubezpieczenie | D64: 45385.345
A65: żabka | B65: 10 | D65: 45385.345
A66: biedronka | B66: 10 | D66: 45385.346
A67: biedronka | B67: 70 | D67: 45385.346
A68: kawa | B68: 9.85 | D68: 45385.347

Sheet luty2024
E1: Przychody | H1: Stan konta na początku miesiąca | J1: Koszty stałe | K1: =SUM(J3:J998) -> 17234
A2: kategoria | B2: kwota | C2: opis | D2: data
A3: fun | B3: 252 | C3: nocleg kanazawa | D3: 45320.884 | E3: sml | F3: 40185 | H3: =Zbiorczy!D44 -> 135439 | J3: =SUMIF($A$3:A$97, K3, B$3:B$97) -> 2800 | K3: zus | M3: =SUMIF($A$3:A$97, N3, B$3:B$97) -> 1624 | N3: biedronka
A4: fun | B4: 1221 | C4: nocleg tokio | D4: 45320.884 | J4: =SUMIF($A$3:A$97, K4, B$3:B$97) -> 4448 | K4: PIT36 | M4: =SUMIF($A$3:A$97, N4, B$3:B$97) -> 82 | N4: żabka
A5: biuro | B5: 300 | C5: Mysz | D5: 45321.618 | J5: =SUMIF($A$3:A$97, K5, B$3:B$97) -> 7656 | K5: VAT | M5: =SUMIF($A$3:A$97, N5, B$3:B$97) -> 1710 | N5: auto
A6: fun | B6: 17 | C6: Ubezpieczenie | D6: 45322.652 | J6: =SUMIF($A$3:A$97, K6, B$3:B$97) -> 1830 | K6: mieszkanie | M6: =SUMIF($A$3:A$97, N6, B$3:B$97) -> 846 | N6: paliwo
A7: biedronka | B7: 1000 | C7: Biedronka | D7: 45323.276 | J7: =SUMIF($A$3:A$97, K7, B$3:B$97) -> 500 | K7: kredyt | M7: =SUMIF($A$3:A$97, N7, B$3:B$97) -> 10034 | N7: fun
A8: fun | B8: 400 | C8: Angielski | D8: 45323.403 | M8: =SUMIF($A$3:A$97, N8, B$3:B$97) -> 1710 | N8: auto
A9: fun | B9: 300 | C9: Świadom lichwa | D9: 45325.514
A10: paliwo | B10: 270 | D10: 45325.514
A11: paliwo | B11: 197 | D11: 45325.514
A12: przejazdy | B12: 60 | C12: Autostrada | D12: 45325.515
A13: ubrania | B13: 380 | D13: 45325.515
A14: fun | B14: 30 | C14: Kabel | D14: 45325.515
A15: biedronka | B15: 17 | C15: chleb | D15: 45325.516
A16: żabka | B16: 7 | D16: 45325.517
A17: fun | B17: 40 | C17: McDonalds | D17: 45325.517
A18: przejazdy | B18: 50 | C18: Parking | D18: 45325.517
A19: fun | B19: 35 | C19: Kebab | D19: 45325.518
A20: auto | B20: 1700 | C20: Przegląd | D20: 45325.608
A21: fun | B21: 575 | C21: spanie kyoto | D21: 45326.572
A22: fun | B22: 80 | C22: adapter | D22: 45326.572
A23: mieszkanie | B23: 1380 | D23: 45326.788
A24: fun | B24: 281 | C24: Spanie Osaka | D24: 45326.836
A25: auto | B25: 2 323,47 | D25: 45326.863
A26: biuro | B26: 228 | C26: play | D26: 45326.865
A27: biuro | B27: 83 | C27: orange | D27: 45326.866
A28: paliwo | B28: 149 | D28: 45326.867
A29: mieszkanie | B29: 350 | D29: 45327.467
A30: apteka | B30: 15 | D30: 45328.36
A31: fun | B31: 44 | C31: Ramen | D31: 45328.702
A32: lekarz | B32: 165 | C32: Badania | D32: 45329.308
A33: fun | B33: 350 | C33: Pierścionek | D33: 45329.44
A34: fun | B34: 81 | C34: Paczki | D34: 45330.552
A35: fun | B35: 163 | C35: Nocleg Hiroshima | D35: 45330.553
A36: fun | B36: 184 | C36: Nocleg napszima | D36: 45330.553
A37: biedronka | B37: 37 | D37: 45331.37
A38: mieszkanie | B38: 100 | C38: Inea | D38: 45331.909
A39: kawa | B39: 200 | C39: coffeedesk | D39: 45332.956
A40: fun | B40: 34 | C40: koc | D40: 45332.956
A41: fun | B41: 15 | C41: wosk | D41: 45332.956
A42: fun | B42: 19 | C42: lidl challenge | D42: 45332.957
A43: fun | B43: 20 | C43: rossmann | D43: 45332.957
A44: fun | B44: 40 | C44: zasilacz | D44: 45332.957
A45: fun | B45: 690 | C45: spanie tokio 2 | D45: 45333.801
A46: fun | B46: 100 | C46: cyberpunk | D46: 45333.806
A47: apteka | B47: 80 | C47: suple | D47: 45333.806
A48: fun | B48: 115 | C48: Mango mama | D48: 45335.776
A49: biedronka | B49: 56 | D49: 45336.371
A50: paliwo | B50: 230 | D50: 45336.371
A51: ubrania | B51: 90 | C51: Fryzjera | D51: 45336.541
A52: fun | B52: 48 | D52: 45336.705
A53: kredyt | B53: 500 | D53: 45337.381
A54: fun | B54: 57 | C54: Suple | D54: 45337.403
A55: apteka | B55: 54 | C55: Dexeryl | D55: 45337.81
A56: rossman | B56: 71 | C56: żyletki | D56: 45339.554
A57: zus | B57: 2800 | D57: 45339.693
A58: fun | B58: 100 | C58: Gf nie | D58: 45339.809
A59: fun | B59: 130 | C59: Teamlabs | D59: 45339.81
A60: ubrania | B60: 170 | C60: Siłka | D60: 45340.711
A61: VAT | B61: 7656 | D61: 45341.653
A62: PIT36 | B62: 4448 | D62: 45341.654
A63: biedronka | B63: 17 | D63: 45342.528
A64: apteka | B64: 74 | D64: 45343.378
A65: fun | B65: 680 | C65: Nowa forma | D65: 45343.379
A66: biuro | B66: 154 | C66: podkładka | D66: 45345.822
A67: biedronka | B67: 40 | D67: 45345.822
A68: biedronka | B68: 46 | D68: 45348.412
A69: fun | B69: 200 | C69: Hp tokyo | D69: 45348.412
A70: fun | B70: 165 | C70: Ale kosmos | D70: 45348.441
A71: biedronka | B71: 17 | D71: 45348.441
A72: fun | B72: 100 | C72: Waga | D72: 45348.542
A73: lekarz | B73: 250 | D73: 45349.918
A74: biedronka | B74: 100 | D74: 45349.918
A75: fun | B75: 500 | C75: angielski | D75: 45349.918
A76: fun | B76: 100 | C76: fedmasters | D76: 45349.926
A77: fun | B77: 100 | C77: nvidia | D77: 45349.927
A78: biuro | B78: 50 | C78: medium | D78: 45349.928
A79: żabka | B79: 50 | D79: 45349.929
A80: fun | B80: 65 | C80: knajpa | D80: 45349.929
A81: fun | B81: 100 | C81: pyszne.pl | D81: 45349.929
A82: biedronka | B82: 17 | D82: 45349.93
A83: apteka | B83: 70 | C83: suple | D83: 45349.93
A84: biedronka | B84: 37 | D84: 45349.93
A85: biedronka | B85: 18 | D85: 45349.93
A86: biedronka | B86: 17 | C86: chleb | D86: 45349.93
A87: auto | B87: 10 | C87: parking | D87: 45349.931
A88: żabka | B88: 25 | D88: 45349.931
A89: biuro | B89: 15 | C89: apple | D89: 45349.931
A90: fun | B90: 184 | C90: spanie okayama | D90: 45350.283
A91: biedronka | B91: 100 | D91: 45350.279
A92: fun | B92: 689 | C92: spanie tokyo | D92: 45350.283
A93: biedronka | B93: 35 | D93: 45350.29
A94: fun | B94: 160 | C94: adapter | D94: 45350.293
A95: biedronka | B95: 70 | D95: 45350.293
A96: fun | B96: 1570 | C96: ?? | D96: 45350.297
A97: lekarz | B97: 250 | C97: dermatolog | D97: 45350.738

Sheet styczen2024
E1: Przychody | H1: Stan konta na początku miesiąca | J1: Koszty stałe | K1: =SUM(J3:J999) -> 16498 | L1: =F3-K1 -> 16287
A2: kategoria | B2: kwota | C2: opis | D2: data
A3: biedronka | B3: 67 | D3: 45292 | E3: sml | F3: 32785 | H3: =Zbiorczy!D43 -> 135305 | J3: =SUMIF($A$3:A$98, K3, B$3:B$98) -> 2600 | K3: zus | M3: =SUMIF($A$3:A$98, N3, B$3:B$98) -> 2027 | N3: biedronka
A4: biedronka | B4: 190 | D4: 45292 | J4: =SUMIF($A$3:A$98, K4, B$3:B$98) -> 3319 | K4: PIT36 | M4: =SUMIF($A$3:A$98, N4, B$3:B$98) -> 19 | N4: żabka
A5: biedronka | B5: 56 | D5: 45292 | J5: =SUMIF($A$3:A$98, K5, B$3:B$98) -> 5645 | K5: VAT | M5: =SUMIF($A$3:A$98, N5, B$3:B$98) -> 2383 | N5: auto
A6: biedronka | B6: 176 | D6: 45292 | J6: =SUMIF($A$3:A$98, K6, B$3:B$98) -> 2051 | K6: mieszkanie | M6: =SUMIF($A$3:A$98, N6, B$3:B$98) -> 718 | N6: paliwo
A7: ubrania | B7: 90 | D7: 45292 | J7: =SUMIF($A$3:A$98, K7, B$3:B$98) -> 500 | K7: kredyt | M7: =SUMIF($A$3:A$98, N7, B$3:B$98) -> 8466 | N7: fun
A8: biedronka | B8: 215 | D8: 45292 | J8: =SUMIF($A$3:A$98, K8, B$3:B$98) -> 2383 | K8: auto
A9: biedronka | B9: 35 | D9: 45293
A10: biedronka | B10: 800 | D10: 45294
A11: mieszkanie | B11: 1382 | D11: 45294
A12: mieszkanie | B12: 350 | C12: parking | D12: 45294
A13: auto | B13: 2330 | C13: leasing | D13: 45295.359
A14: biuro | B14: 83 | C14: orange | D14: 45295.36
A15: biuro | B15: 230 | C15: play | D15: 45295.36
A16: żabka | B16: 5 | D16: 45295.608
A17: biedronka | B17: 31 | D17: 45296.32
A18: fun | B18: 200 | C18: Prezent | D18: 45297.492
A19: biuro | B19: 60 | C19: przejazd birr | D19: 45297.509
A20: fun | B20: 5900 | C20: Japonia | D20: 45297.551
A21: auto | B21: 10 | D21: 45298.495
A22: fun | B22: 300 | D22: 45299.26
A23: auto | B23: 20 | D23: 45299.601
A24: przejazdy | B24: 127 | C24: pociąg birr | D24: 45300.365
A25: biedronka | B25: 37 | D25: 45300.365
A26: mieszkanie | B26: 69 | C26: filtry | D26: 45300.414
A27: fun | B27: 58 | C27: bankook | D27: 45300.79
A28: paliwo | B28: 226 | D28: 45302.385
A29: auto | B29: 23 | D29: 45302.385
A30: fun | B30: 29 | C30: Nero | D30: 45302.441
A31: fun | B31: 33 | C31: Nero | D31: 45302.462
A32: fun | B32: 36 | C32: Jula | D32: 45302.514
A33: fun | B33: 41 | C33: Czapka Jula | D33: 45302.725
A34: fun | B34: 40 | C34: KFC | D34: 45302.789
A35: fun | B35: 25 | C35: Wars | D35: 45303.361
A36: fun | B36: 232 | C36: Coffedesk | D36: 45303.496
A37: ubrania | B37: 80 | C37: Uniqlo | D37: 45303.802
A38: biedronka | B38: 3 | D38: 45303.802
A39: paliwo | B39: 258 | D39: 45304.782
A40: PIT36 | B40: 3319 | D40: 45304.784
A41: vat | B41: 5645 | D41: 45304.785
A42: zus | B42: 2600 | D42: 45304.88
A43: mieszkanie | B43: 250 | D43: 45305.429
A44: żabka | B44: 14 | D44: 45305.519
A45: kawa | B45: 147 | D45: 45306.402
A46: biedronka | B46: 70 | D46: 45306.702
A47: apteka | B47: 162 | D47: 45307.89
A48: fun | B48: 162 | C48: foto lampa | D48: 45307.928
A49: biuro | B49: 3550 | C49: Wyjazd Lozanna | D49: 45308.766
A50: biedronka | B50: 71 | D50: 45310.408
A51: biedronka | B51: 140 | C51: kzn | D51: 45311.508
A52: fun | B52: 57 | D52: 45311.508
A53: fun | B53: 151 | C53: fripers | D53: 45311.661
A54: paliwo | B54: 234 | D54: 45312.599
A55: biedronka | B55: 25 | D55: 45313.305
A56: kredyt | B56: 500 | C56: Sigma | D56: 45314.258
A57: fun | B57: 680 | C57: Siłka | D57: 45314.394
A58: fun | B58: 141 | C58: kwiaty | D58: 45318.494
A59: fun | B59: 150 | C59: poradnik foto | D59: 45318.494
A60: fun | B60: 98 | C60: knajpa | D60: 45318.494
A61: apteka | B61: 105 | C61: mangez, płyn | D61: 45318.501
A62: biedronka | B62: 55 | C62: chleb | D62: 45318.502
A63: biuro | B63: 289 | C63: ksiegowa | D63: 45318.521
A64: fun | B64: 133 | C64: Knajpa | D64: 45318.711
A65: biedronka | B65: 56 | D65: 45320.312

Sheet grudzien2023
E1: Przychody | H1: Stan konta na początku miesiąca | J1: Koszty stałe | K1: =SUM(J3:J999) -> 14569
A2: kategoria | B2: kwota | C2: opis | D2: data
A3: mieszkanie | B3: 350 | E3: sml | F3: 35631 | H3: =Zbiorczy!D42 -> 132426 | J3: =SUMIF($A$3:A$98, K3, B$3:B$98) -> 2600 | K3: zus | M3: =SUMIF($A$3:A$98, N3, B$3:B$98) -> 1238 | N3: biedronka
A4: mieszkanie | B4: 1390 | J4: =SUMIF($A$3:A$98, K4, B$3:B$98) -> 3560 | K4: PIT36 | M4: =SUMIF($A$3:A$98, N4, B$3:B$98) -> 97 | N4: żabka
A5: auto | B5: 2331 | J5: =SUMIF($A$3:A$98, K5, B$3:B$98) -> 6069 | K5: VAT | M5: =SUMIF($A$3:A$98, N5, B$3:B$98) -> 7192 | N5: auto
A6: biuro | B6: 230 | J6: =SUMIF($A$3:A$98, K6, B$3:B$98) -> 1840 | K6: mieszkanie | M6: =SUMIF($A$3:A$98, N6, B$3:B$98) -> 1562 | N6: paliwo
A7: biuro | B7: 160 | J7: =SUMIF($A$3:A$98, K7, B$3:B$98) -> 500 | K7: kredyt | M7: =SUMIF($A$3:A$98, N7, B$3:B$98) -> 5224 | N7: fun
A8: biedronka | B8: 110 | M8: =SUMIF($A$3:A$98, N8, B$3:B$98) -> 7192 | N8: auto
A9: paliwo | B9: 213
A10: auto | B10: 4841 | C10: polisa
A11: przejazdy | B11: 60
A12: paliwo | B12: 227
A13: paliwo | B13: 220
A14: VAT | B14: 6069
A15: PIT36 | B15: 3548
A16: ZUS | B16: 2600
A17: PIT36 | B17: 12
A18: paliwo | B18: 188
A19: paliwo | B19: 239
A20: paliwo | B20: 157
A21: paliwo | B21: 48
A22: fun | B22: 178 | C22: lampka
A23: żabka | B23: 29
A24: fun | B24: 225 | C24: polityka
A25: fun | B25: 550 | C25: trening
A26: biedronka | B26: 41
A27: biedronka | B27: 17
A28: auto | B28: 5
A29: biedronka | B29: 61
A30: biedronka | B30: 26
A31: biedronka | B31: 131
A32: biedronka | B32: 66
A33: biedronka | B33: 158
A34: biedronka | B34: 57
A35: fun | B35: 36
A36: rossman | B36: 12
A37: fun | B37: 59 | C37: pizza
A38: fun | B38: 350 | C38: angielski
A39: żabka | B39: 14
A40: lekarz | B40: 350
A41: fun | B41: 19 | C41: kfc
A42: biedronka | B42: 27
A43: biedronka | B43: 35
A44: kawa | B44: 165
A45: fun | B45: 150 | C45: jula
A46: fun | B46: 82 | C46: piernik
A47: kawa | B47: 33
A48: żabka | B48: 6
A49: fun | B49: 8 | C49: inpost
A50: żabka | B50: 7
A51: fun | B51: 91 | C51: okruszki
A52: fun | B52: 35 | C52: apple
A53: fun | B53: 23 | C53: kfc
A54: biedronka | B54: 66
A55: żabka | B55: 17
A56: fun | B56: 153 | C56: prezent andrzej
A57: fun | B57: 142 | C57: patera
A58: fun | B58: 80 | C58: fryzjer
A59: biedronka | B59: 16 | C59: chleb
A60: fun | B60: 12
A61: kredyt | B61: 500
A62: mieszkanie | B62: 100
A63: fun | B63: 78 | C63: remont
A64: fun | B64: 378 | C64: prezent marta
A65: paliwo | B65: 270
A66: fun | B66: 4
A67: lekarz | B67: 1800
A68: fun | B68: 92 | C68: prezent mama
A69: fun | B69: 100 | C69: siostra
A70: fun | B70: 305 | C70: karta jula
A71: fun | B71: 128 | C71: prezenta mama
A72: fun | B72: 160 | C72: opona
A73: biedronka | B73: 27
A74: fun | B74: 38 | C74: mcdonalds
A75: auto | B75: 15
A76: kawa | B76: 16
A77: fun | B77: 26 | C77: mcodnalds
A78: fun | B78: 46 | C78: drinki birr
A79: biedronka | B79: 65
A80: fun | B80: 25 | C80: jarmark
A81: biedronka | B81: 102
A82: fun | B82: 135 | C82: kołdra martusia
A83: fun | B83: 360 | C83: loty
A84: biedronka | B84: 12
A85: rossman | B85: 5
A86: biedronka | B86: 16
A87: biedronka | B87: 13
A88: apteka | B88: 25
A89: biedronka | B89: 26
A90: biedronka | B90: 141
A91: żabka | B91: 24
A92: fun | B92: 80 | C92: sushi
A93: kawa | B93: 14
A94: biedronka | B94: 25
A95: fun | B95: 1076 | C95: ???

Sheet listopad2023
E1: Przychody | H1: Stan konta na początku miesiąca | J1: Koszty stałe | K1: =SUM(J3:J999) -> 16117
A2: kategoria | B2: kwota | C2: opis | D2: data
A3: mieszkanie | B3: 1383 | E3: sml | F3: 41338 | H3: =Zbiorczy!D41 -> 123753 | J3: =SUMIF($A$3:A$98, K3, B$3:B$98) -> 2614 | K3: zus | M3: =SUMIF($A$3:A$98, N3, B$3:B$98) -> 1499 | N3: biedronka
A4: mieszkanie | B4: 315 | J4: =SUMIF($A$3:A$98, K4, B$3:B$98) -> 4661 | K4: PIT36 | M4: =SUMIF($A$3:A$98, N4, B$3:B$98) -> 50 | N4: żabka
A5: auto | B5: 2335 | J5: =SUMIF($A$3:A$98, K5, B$3:B$98) -> 6091 | K5: VAT | M5: =SUMIF($A$3:A$98, N5, B$3:B$98) -> 2417 | N5: auto
A6: paliwo | B6: 180 | J6: =SUMIF($A$3:A$98, K6, B$3:B$98) -> 2251 | K6: mieszkanie | M6: =SUMIF($A$3:A$98, N6, B$3:B$98) -> 960 | N6: paliwo
A7: biuro | B7: 230 | C7: play | J7: =SUMIF($A$3:A$98, K7, B$3:B$98) -> 500 | K7: kredyt | M7: =SUMIF($A$3:A$98, N7, B$3:B$98) -> 9858 | N7: fun
A8: biuro | B8: 12 | C8: orange | M8: =SUMIF($A$3:A$98, N8, B$3:B$98) -> 2417 | N8: auto
A9: fun | B9: 730 | C9: hotel berlin
A10: fun | B10: 592 | C10: konferencja
A11: biedronka | B11: 141
A12: żabka | B12: 20
A13: kawa | B13: 145
A14: mieszkanie | B14: 350
A15: żabka | B15: 10
A16: fun | B16: 165 | C16: Temu
A17: fun | B17: 250 | C17: Jula
A18: lekarz | B18: 520 | C18: Dentysta
A19: fun | B19: 27
A20: biedronka | B20: 26
A21: fun | B21: 700 | C21: Loty
A22: biedronka | B22: 41
A23: mieszkanie | B23: 100
A24: żabka | B24: 20
A25: rossmann | B25: 51
A26: biedronka | B26: 16
A27: fun | B27: 106 | C27: ramen
A28: auto | B28: 70
A29: biedronka | B29: 130
A30: biedronka | B30: 70
A31: taxi | B31: 20
A32: fun | B32: 550 | C32: siłownia
A33: zus | B33: 2614
A34: PIT36 | B34: 4661
A35: VAT | B35: 6091
A36: fun | B36: 40 | C36: Maczek
A37: paliwo | B37: 340
A38: paliwo | B38: 210
A39: kredyt | B39: 500
A40: fun | B40: 550 | C40: pożyczka jula
A41: ubrania | B41: 80 | C41: fryzjer
A42: biedronka | B42: 54
A43: fun | B43: 80 | C43: prezent gienek
A44: przejazdy | B44: 60
A45: kawa | B45: 40
A46: auto | B46: 12
A47: biedronka | B47: 50
A48: biuro | B48: 15
A49: biedronka | B49: 16
A50: biedronka | B50: 77
A51: fun | B51: 60 | C51: allegro smart
A52: fun | B52: 50 | C52: moleskine
A53: biedronka | B53: 110
A54: kawa | B54: 100
A55: fun | B55: 200 | C55: pożyczka jula
A56: fun | B56: 940 | C56: certyfikat vue
A57: biedronka | B57: 260
A58: mieszkanie | B58: 103
A59: fun | B59: 10
A60: biedronka | B60: 35
A61: ubrania | B61: 100
A62: biedronka | B62: 55
A63: biedronka | B63: 8
A64: fun | B64: 108 | C64: wynos
A65: fun | B65: 150 | C65: prezenta agata
A66: biedronka | B66: 246
A67: fun | B67: 70 | C67: prezenta
A68: biedronka | B68: 44
A69: fun | B69: 20 | C69: swiety
A70: fun | B70: 150 | C70: prezent wojtek
A71: fun | B71: 3741 | C71: spanie londyn
A72: biedronka | B72: 85
A73: rossman | B73: 24
A74: fun | B74: 12 | C74: empik
A75: fun | B75: 500 | C75: angielski
A76: biedronka | B76: 35
A77: fun | B77: 57 | C77: pyszne
A78: apteka | B78: 77
A79: paliwo | B79: 230
A80: biuro | B80: 290

Sheet pazdziernik2023
E1: Przychody | H1: Stan konta na początku miesiąca | J1: Koszty stałe | K1: =SUM(J3:J999) -> 12085
A2: kategoria | B2: kwota | C2: opis | D2: data
A3: paliwo | B3: 194 | E3: sml | F3: 22078 | H3: =Zbiorczy!D40 -> 133521 | J3: =SUMIF($A$3:A$98, K3, B$3:B$98) -> 2100 | K3: zus | M3: =SUMIF($A$3:A$98, N3, B$3:B$98) -> 574 | N3: biedronka
A4: biuro | B4: 300 | E4: t14 | F4: 0 | J4: =SUMIF($A$3:A$98, K4, B$3:B$98) -> 3343 | K4: PIT36 | M4: =SUMIF($A$3:A$98, N4, B$3:B$98) -> 34 | N4: żabka
A5: biedronka | B5: 185 | E5: value | J5: =SUMIF($A$3:A$98, K5, B$3:B$98) -> 3675 | K5: VAT | M5: =SUMIF($A$3:A$98, N5, B$3:B$98) -> 2644 | N5: auto
A6: biedronka | B6: 128 | J6: =SUMIF($A$3:A$98, K6, B$3:B$98) -> 2967 | K6: mieszkanie | M6: =SUMIF($A$3:A$98, N6, B$3:B$98) -> 654 | N6: paliwo
A7: fun | B7: 1000 | C7: angielski | J7: =SUMIF($A$3:A$98, K7, B$3:B$98) -> 0 | K7: kredyt | M7: =SUMIF($A$3:A$98, N7, B$3:B$98) -> 7555 | N7: fun
A8: fun | B8: 200 | C8: multisport marta | M8: =SUMIF($A$3:A$98, N8, B$3:B$98) -> 2644 | N8: auto
A9: auto | B9: 2371
A10: mieszkanie | B10: 350
A11: mieszkanie | B11: 1359
A12: mieszkanie | B12: 803
A13: fun | B13: 54 | C13: pyszne
A14: biuro | B14: 6500 | C14: iphone
A15: biedronka | B15: 60
A16: biuro | B16: 240 | C16: p4
A17: biuro | B17: 83 | C17: orange
A18: fun | B18: 30
A19: fun | B19: 65
A20: przejazdy | B20: 260 | C20: Birr
A21: biedronka | B21: 96
A22: Fun | B22: 400 | C22: Dysk
A23: fun | B23: 41
A24: ubrania | B24: 250
A25: zus | B25: 2100
A26: Fun | B26: 299
A27: PIT36 | B27: 3343
A28: VAT | B28: 3675
A29: fun | B29: 550 | C29: Siłownia
A30: fun | B30: 300 | C30: Przemy Jula
A31: fun | B31: 300 | C31: Prezent mama
A32: fun | B32: 680 | C32: Konferencja
A33: kawa | B33: 65
A34: biuro | B34: 290
A35: apteka | B35: 116
A36: fun | B36: 600 | C36: Angielski
A37: paliwo | B37: 190
A38: paliwo | B38: 85
A39: auto | B39: 250 | C39: opony
A40: paliwo | B40: 185
A41: biedronka | B41: 105
A42: fun | B42: 2738
A43: fun | B43: 42 | C43: tsunami
A44: apteka | B44: 116
A45: mieszkanie | B45: 455 | C45: ikea
A46: fun | B46: 26 | C46: ikea
A47: kawa | B47: 15
A48: żabka | B48: 34
A49: kawa | B49: 65 | C49: nero
A50: auto | B50: 23 | C50: parking
A51: fun | B51: 230 | C51: prezent mama

Sheet wrzesien2023
E1: Przychody | H1: Stan konta na początku miesiąca | J1: Koszty stałe | K1: =SUM(J3:J999) -> 14222
A2: kategoria | B2: kwota | C2: opis | D2: data
A3: fun | B3: 260 | C3: filtr sigma | E3: sml | F3: 33517 | H3: =Zbiorczy!D39 -> 127499 | J3: =SUMIF($A$3:A$98, K3, B$3:B$98) -> 2100 | K3: zus | M3: =SUMIF($A$3:A$98, N3, B$3:B$98) -> 689 | N3: biedronka
A4: lekarz | B4: 150 | C4: alina | E4: t14 | F4: 0 | J4: =SUMIF($A$3:A$98, K4, B$3:B$98) -> 3835 | K4: PIT36 | M4: =SUMIF($A$3:A$98, N4, B$3:B$98) -> 60 | N4: żabka
A5: apteka | B5: 73 | E5: value | J5: =SUMIF($A$3:A$98, K5, B$3:B$98) -> 5709 | K5: VAT | M5: =SUMIF($A$3:A$98, N5, B$3:B$98) -> 2512 | N5: auto
A6: biedronka | B6: 16 | J6: =SUMIF($A$3:A$98, K6, B$3:B$98) -> 2078 | K6: mieszkanie | M6: =SUMIF($A$3:A$98, N6, B$3:B$98) -> 899 | N6: paliwo
A7: rossman | B7: 11 | J7: =SUMIF($A$3:A$98, K7, B$3:B$98) -> 500 | K7: kredyt | M7: =SUMIF($A$3:A$98, N7, B$3:B$98) -> 7049 | N7: fun
A8: lekarz | B8: 250 | C8: szczepienie | M8: =SUMIF($A$3:A$98, N8, B$3:B$98) -> 2512 | N8: auto
A9: fun | B9: 82 | C9: knajpa
A10: biedronka | B10: 40
A11: żabka | B11: 60
A12: mieszkanie | B12: 350
A13: fun | B13: 273 | C13: polisa
A14: paliwo | B14: 250
A15: fun | B15: 50
A16: auto | B16: 2500
A17: fun | B17: 1932 | C17: Croatia
A18: biedronka | B18: 50
A19: paliwo | B19: 225
A20: fun | B20: 100 | C20: frontendmasters
A21: biuro | B21: 300
A22: biuro | B22: 240 | C22: play
A23: kredyt | B23: 500 | C23: sigma
A24: mieszkanie | B24: 100
A25: taxi | B25: 35
A26: mieszkanie | B26: 1358
A27: mieszkanie | B27: 80 | C27: kubki
A28: lekarz | B28: 250
A29: ZUS | B29: 2100
A30: biedronka | B30: 160
A31: fun | B31: 83 | C31: lampa lx100
A32: fun | B32: 57 | C32: bankook
A33: biedronka | B33: 25
A34: lekarz | B34: 150
A35: paliwo | B35: 160
A36: fun | B36: 25
A37: biedronka | B37: 135
A38: biuro | B38: 300 | C38: hotel
A39: fun | B39: 1407 | C39: hotel amsterdam
A40: PIT36 | B40: 3835
A41: VAT | B41: 5709
A42: rossman | B42: 65 | C42: okulary plyn
A43: apteka | B43: 40
A44: fun | B44: 120 | C44: parking
A45: biedronka | B45: 30
A46: kawa | B46: 120
A47: paliwo | B47: 100
A48: fun | B48: 2660 | C48: kopenhaga
A49: biedronka | B49: 233
A50: auto | B50: 12
A51: mieszkanie | B51: 190
A52: biuro | B52: 80 | C52: fryzjer
A53: paliwo | B53: 164

Sheet sierpien2023
E1: Przychody | H1: Stan konta na początku miesiąca | J1: Koszty stałe | K1: =SUM(J3:J999) -> 14845
A2: kategoria | B2: kwota | C2: opis | D2: data
A3: fun | B3: 590 | C3: C1 | E3: sml | F3: 38806.23 | H3: =Zbiorczy!D38 -> 120464.68 | J3: =SUMIF($A$3:A$98, K3, B$3:B$98) -> 2100 | K3: zus | M3: =SUMIF($A$3:A$98, N3, B$3:B$98) -> 2083.91 | N3: biedronka
A4: fun | B4: 100 | C4: Bateria | E4: t14 | F4: 500 | J4: =SUMIF($A$3:A$98, K4, B$3:B$98) -> 4205 | K4: PIT36 | M4: =SUMIF($A$3:A$98, N4, B$3:B$98) -> 0 | N4: żabka
A5: kawa | B5: 50 | E5: value | J5: =SUMIF($A$3:A$98, K5, B$3:B$98) -> 6780 | K5: VAT | M5: =SUMIF($A$3:A$98, N5, B$3:B$98) -> 2464 | N5: auto
A6: fun | B6: 1500 | C6: Dania | J6: =SUMIF($A$3:A$98, K6, B$3:B$98) -> 1760 | K6: mieszkanie | M6: =SUMIF($A$3:A$98, N6, B$3:B$98) -> 2081 | N6: paliwo
A7: biedronka | B7: 658 | J7: =SUMIF($A$3:A$98, K7, B$3:B$98) -> 0 | K7: kredyt | M7: =SUMIF($A$3:A$98, N7, B$3:B$98) -> 8148 | N7: fun
A8: ubrania | B8: 250 | M8: =SUMIF($A$3:A$98, N8, B$3:B$98) -> 2464 | N8: auto
A9: apteka | B9: 125
A10: biedronka | B10: 121
A11: paliwo | B11: 241
A12: biuro | B12: 290
A13: kawa | B13: 152
A14: mieszkanie | B14: 1360
A15: auto | B15: 2432
A16: fun | B16: 285 | C16: dysk
A17: fun | B17: 200 | C17: parking lotnisko
A18: biuro | B18: 83 | C18: orange
A19: biuro | B19: 280 | C19: play
A20: paliwo | B20: 280
A21: mieszkanie | B21: 350
A22: biedronka | B22: 200
A23: fun | B23: 200 | C23: picbox
A24: fun | B24: 50 | C24: bancook
A25: fun | B25: 595 | C25: martusia prezent
A26: fun | B26: 120 | C26: parking
A27: biedronka | B27: 18
A28: biedronka | B28: 27
A29: fun | B29: 300 | C29: chromatic
A30: PIT36 | B30: 4205
A31: VAT | B31: 6780
A32: zus | B32: 2100
A33: paliwo | B33: 200
A34: biedronka | B34: 193.91
A35: fun | B35: 132 | C35: pizza
A36: fun | B36: 100 | C36: frontendmasters
A37: fun | B37: 30 | C37: bajki plus
A38: paliwo | B38: 240
A39: apteka | B39: 115
A40: biedronka | B40: 20
A41: paliwo | B41: 300
A42: fun | B42: 280 | C42: Karta kopenhaga
A43: fun | B43: 30 | C43: SlodycZe
A44: paliwo | B44: 110
A45: paliwo | B45: 210
A46: przejazdy | B46: 47
A47: paliwo | B47: 250
A48: biedronka | B48: 16
A49: fun | B49: 800 | C49: kopenhaga
A50: fun | B50: 19 | C50: kopenhaga
A51: fun | B51: 49 | C51: kopenhaga
A52: fun | B52: 61 | C52: kopenhaga
A53: fun | B53: 91 | C53: kopenhaga
A54: fun | B54: 311 | C54: kopenhaga
A55: fun | B55: 60 | C55: kopenhaga
A56: fun | B56: 31 | C56: kopenhaga
A57: fun | B57: 122 | C57: kopenhaga
A58: fun | B58: 700 | C58: Jula
A59: fun | B59: 780 | C59: aparat
A60: fun | B60: 570 | C60: samochód
A61: lekarz | B61: 510 | C61: szczepienia
A62: paliwo | B62: 250
A63: fun | B63: 42 | C63: kfc
A64: auto | B64: 12
A65: kawa | B65: 44 | C65: nero
A66: biedronka | B66: 26
A67: lekarz | B67: 300
A68: kawa | B68: 34 | C68: nero
A69: auto | B69: 20
A70: kawa | B70: 130
A71: rossman | B71: 100
A72: biedronka | B72: 18
A73: biedronka | B73: 786
A74: mieszkanie | B74: 50 | C74: okno
A75: biuro | B75: 100 | C75: frontendmasters
A76: biuro | B76: 40 | C76: kurs node

Sheet lipiec2023
E1: Przychody | H1: Stan konta na początku miesiąca | J1: Koszty stałe | K1: =SUM(J3:J999) -> 12854
A2: kategoria | B2: kwota | C2: opis | D2: data
A3: paliwo | B3: 174 | E3: sml | F3: 32834 | H3: =Zbiorczy!D37 -> 117089.68 | J3: =SUMIF($A$3:A$98, K3, B$3:B$98) -> 2115 | K3: zus | M3: =SUMIF($A$3:A$98, N3, B$3:B$98) -> 1044 | N3: biedronka
A4: biuro | B4: 290 | C4: księgowa | E4: t14 | J4: =SUMIF($A$3:A$98, K4, B$3:B$98) -> 3300 | K4: PIT36 | M4: =SUMIF($A$3:A$98, N4, B$3:B$98) -> 64 | N4: żabka
A5: fun | B5: 77 | C5: opener | E5: value | J5: =SUMIF($A$3:A$98, K5, B$3:B$98) -> 5630 | K5: VAT | M5: =SUMIF($A$3:A$98, N5, B$3:B$98) -> 3360 | N5: auto
A6: fun | B6: 14 | C6: lody | J6: =SUMIF($A$3:A$98, K6, B$3:B$98) -> 1809 | K6: mieszkanie | M6: =SUMIF($A$3:A$98, N6, B$3:B$98) -> 744 | N6: paliwo
A7: przejazdy | B7: 13 | J7: =SUMIF($A$3:A$98, K7, B$3:B$98) -> 0 | K7: kredyt | M7: =SUMIF($A$3:A$98, N7, B$3:B$98) -> 9340 | N7: fun
A8: apteka | B8: 100 | M8: =SUMIF($A$3:A$98, N8, B$3:B$98) -> 3360 | N8: auto
A9: żabka | B9: 11
A10: fun | B10: 7 | C10: mcdonalds
A11: kawa | B11: 53
A12: auto | B12: 10 | C12: parking
A13: przejazdy | B13: 12
A14: fun | B14: 107 | C14: opener
A15: przejazdy | B15: 12
A16: żabka | B16: 20
A17: żabka | B17: 10
A18: żabka | B18: 9
A19: kawa | B19: 48
A20: przejazdy | B20: 12
A21: fun | B21: 37 | C21: opener
A22: biedronka | B22: 15
A23: paliwo | B23: 278
A24: mieszkanie | B24: 1359
A25: biedronka | B25: 24
A26: mieszkanie | B26: 350
A27: auto | B27: 2434
A28: biuro | B28: 83 | C28: orange
A29: biuro | B29: 230 | C29: play
A30: biedronka | B30: 160
A31: rossman | B31: 50
A32: lekarz | B32: 150
A33: auto | B33: 200
A34: kawa | B34: 150
A35: PIT36 | B35: 3300
A36: vat | B36: 5630
A37: biedronka | B37: 13
A38: biedronka | B38: 50
A39: biedronka | B39: 42 | C39: by mac
A40: fun | B40: 22 | C40: kebap
A41: fun | B41: 16 | C41: ciasto
A42: biuro | B42: 100 | C42: frontend masters
A43: fun | B43: 50 | C43: gumki apple'
A44: taxi | B44: 50
A45: fun | B45: 50
A46: fun | B46: 112
A47: fun | B47: 10
A48: biedronka | B48: 5
A49: fun | B49: 165 | C49: prezent
A50: mieszkanie | B50: 100 | C50: Inea
A51: biedronka | B51: 30
A52: biedronka | B52: 35
A53: biedronka | B53: 50
A54: lekarz | B54: 150
A55: auto | B55: 16
A56: fun | B56: 94 | C56: Nero
A57: lekarz | B57: 300
A58: paliwo | B58: 212
A59: biedronka | B59: 10
A60: fun | B60: 650 | C60: prezent
A61: auto | B61: 700
A62: paliwo | B62: 80
A63: fun | B63: 5000 | C63: Rodzice pożyczka 500 w sumie 24000
A64: fun | B64: 400 | C64: prezent Jula
A65: biedronka | B65: 16
A66: fun | B66: 64 | C66: Bateria
A67: ZUS | B67: 2115
A68: fun | B68: 80 | C68: Fryzjer
A69: fun | B69: 60 | C69: kino
A70: fun | B70: 120 | C70: filtry
A71: biedronka | B71: 240
A72: biedronka | B72: 16
A73: biedronka | B73: 30
A74: rossman | B74: 100
A75: żabka | B75: 14
A76: fun | B76: 290 | C76: pasek
A77: biedronka | B77: 18
A78: fun | B78: 1125 | C78: angielski
A79: fun | B79: 660 | C79: hotel pula
A80: fun | B80: 130 | C80: Tajfun
A81: lekarz | B81: 150 | C81: Alina
A82: biedronka | B82: 150
A83: biedronka | B83: 50
A84: biedronka | B84: 90

Sheet czerwiec2023
E1: Przychody | H1: Stan konta na początku miesiąca | J1: Koszty stałe | K1: =SUM(J3:J999) -> 13554
A2: kategoria | B2: kwota | C2: opis | D2: data
A3: fun | B3: 200 | C3: multisport marta | E3: sml | F3: 35024 | H3: =Zbiorczy!D36 -> 108061.68 | J3: =SUMIF($A$3:A$98, K3, B$3:B$98) -> 2100 | K3: zus | M3: =SUMIF($A$3:A$98, N3, B$3:B$98) -> 1185 | N3: biedronka
A4: biedronka | B4: 160 | E4: t14 | J4: =SUMIF($A$3:A$98, K4, B$3:B$98) -> 3449 | K4: PIT36 | M4: =SUMIF($A$3:A$98, N4, B$3:B$98) -> 20 | N4: żabka
A5: biuro | B5: 290 | C5: księgowość | E5: value | J5: =SUMIF($A$3:A$98, K5, B$3:B$98) -> 5925 | K5: VAT | M5: =SUMIF($A$3:A$98, N5, B$3:B$98) -> 2697 | N5: auto
A6: mieszkanie | B6: 350 | C6: parking | J6: =SUMIF($A$3:A$98, K6, B$3:B$98) -> 2080 | K6: mieszkanie | M6: =SUMIF($A$3:A$98, N6, B$3:B$98) -> 2177 | N6: paliwo
A7: auto | B7: 2500 | C7: leasing | J7: =SUMIF($A$3:A$98, K7, B$3:B$98) -> 0 | K7: kredyt | M7: =SUMIF($A$3:A$98, N7, B$3:B$98) -> 3473 | N7: fun
A8: fun | B8: 91 | M8: =SUMIF($A$3:A$98, N8, B$3:B$98) -> 2697 | N8: auto
A9: biedronka | B9: 15
A10: apteka | B10: 45
A11: apteka | B11: 72 | C11: dexeryl
A12: mieszkanie | B12: 250 | C12: ikea
A13: biuro | B13: 280 | C13: Play
A14: biuro | B14: 83 | C14: orange
A15: mieszkanie | B15: 1380
A16: biedronka | B16: 110
A17: biedronka | B17: 50
A18: biuro | B18: 27 | C18: cable mgmnt
A19: fun | B19: 6 | C19: luny
A20: kawa | B20: 130
A21: fun | B21: 50 | C21: filtry butelka
A22: fun | B22: 370 | C22: ??
A23: ubrania | B23: 60
A24: biedronka | B24: 52
A25: biedronka | B25: 40
A26: fun | B26: 7
A27: fun | B27: 95 | C27: pizza
A28: PIT36 | B28: 3449
A29: VAT | B29: 5925
A30: biedronka | B30: 50
A31: ubrania | B31: 300
A32: paliwo | B32: 140
A33: auto | B33: 30
A34: fun | B34: 134 | C34: The flow
A35: auto | B35: 120
A36: biedronka | B36: 80
A37: fun | B37: 44
A38: fun | B38: 125 | C38: Alpha gpc
A39: mieszkanie | B39: 100
A40: ZUS | B40: 2100
A41: biedronka | B41: 25
A42: fun | B42: 100 | C42: Restauracja
A43: paliwo | B43: 220
A44: przejazdy | B44: 26
A45: biedronka | B45: 13
A46: kawa | B46: 160
A47: lekarz | B47: 150
A48: paliwo | B48: 190
A49: biedronka | B49: 160
A50: paliwo | B50: 130
A51: fun | B51: 100
A52: paliwo | B52: 250
A53: apteka | B53: 50
A54: paliwo | B54: 225
... A61: paliwo | B61: 240
A62: fun | B62: 40 | C62: Ofc
A63: biedronka | B63: 10
A64: fun | B64: 74 | C64: Bancook
A65: żabka | B65: 20
A66: Fun | B66: 75
A67: fun | B67: 18
A68: biuro | B68: 380 | C68: Hotel
A69: auto | B69: 26
A70: przejazdy | B70: 26
A71: kawa | B71: 53
A72: fun | B72: 78
A73: biedronka | B73: 40
A74: paliwo | B74: 310
A75: przejazdy | B75: 20
A76: biedronka | B76: 40
A77: fun | B77: 36
A78: biedronka | B78: 140
A79: paliwo | B79: 238
A80: apteka | B80: 100
A81: fun | B81: 1800 | C81: hotel sopot
A82: paliwo | B82: 234
A83: przejazdy | B83: 18

Sheet maj2023
E1: Przychody | H1: Stan konta na początku miesiąca | J1: Koszty stałe | K1: =SUM(J3:J999) -> 10284
A2: kategoria | B2: kwota | C2: opis | D2: data
A3: biuro | B3: 339 | E3: sml | F3: 29293 | H3: =Zbiorczy!D35 -> 102864.68 | J3: =SUMIF($A$3:A$98, K3, B$3:B$98) -> 2350 | K3: zus | M3: =SUMIF($A$3:A$98, N3, B$3:B$98) -> 2081 | N3: biedronka
A4: fun | B4: 400 | C4: angielski | E4: t14 | J4: =SUMIF($A$3:A$98, K4, B$3:B$98) -> 3164 | K4: PIT36 | M4: =SUMIF($A$3:A$98, N4, B$3:B$98) -> 10 | N4: żabka
A5: fun | B5: 87 | C5: piwo i dogi | J5: =SUMIF($A$3:A$98, K5, B$3:B$98) -> 4420 | K5: VAT | M5: =SUMIF($A$3:A$98, N5, B$3:B$98) -> 2489 | N5: auto
A6: biedronka | B6: 120 | J6: =SUMIF($A$3:A$98, K6, B$3:B$98) -> 350 | K6: mieszkanie | M6: =SUMIF($A$3:A$98, N6, B$3:B$98) -> 841 | N6: paliwo
A7: auto | B7: 2433 | J7: =SUMIF($A$3:A$98, K7, B$3:B$98) -> 0 | K7: kredyt | M7: =SUMIF($A$3:A$98, N7, B$3:B$98) -> 6695 | N7: fun
A8: fun | B8: 55 | M8: =SUMIF($A$3:A$98, N8, B$3:B$98) -> 2489 | N8: auto
A9: kawa | B9: 16
A10: biedronka | B10: 27
A11: biuro | B11: 230 | C11: p4
A12: biedronka | B12: 170
A13: fun | B13: 50
A14: fun | B14: 310 | C14: Grono
A15: fun | B15: 133 | C15: B&b
A16: biuro | B16: 83
A17: biedronka | B17: 14
A18: fun | B18: 1500 | C18: bilety
A19: fun | B19: 260 | C19: comandante
A20: mieszkanie | B20: 350 | C20: parking
A21: fun | B21: 86
A22: fun | B22: 30
A23: biedronka | B23: 100
A24: fun | B24: 45
A25: kawa | B25: 135
A26: fun | B26: 18
A27: fun | B27: 16
A28: fun | B28: 64
B29: 150
A30: paliwo | B30: 300
A31: auto | B31: 16
A32: biedronka | B32: 100
A33: apteka | B33: 117
A34: żabka | B34: 10
A35: paliwo | B35: 65
A36: vat | B36: 4420
A37: PIT36 | B37: 3164
A38: fun | B38: 1450 | C38: Jula
A39: biedronka | B39: 100
A40: apteka | B40: 28
A41: zus | B41: 2350
A42: fun | B42: 180
A43: biedronka | B43: 110
A44: fun | B44: 1000 | C44: stacja dock
A45: biedronka | B45: 130
A46: fun | B46: 6
A47: biuro | B47: 45
A48: biedronka | B48: 200
A49: biedronka | B49: 120
A50: paliwo | B50: 260
A51: lekarz | B51: 300
A52: fun | B52: 60 | C52: kawiarnia
A53: auto | B53: 40 | C53: parking + myjnia
A54: fun | B54: 140 | C54: knajpa
A55: biedronka | B55: 16
A56: kluska | B56: 28
A57: biuro | B57: 200
A58: fun | B58: 200 | C58: Kwiaty
A59: fun | B59: 125 | C59: Spa
A60: fun | B60: 280 | C60: knajpka marta
A61: taxi | B61: 25
A62: biedronka | B62: 874
A63: paliwo | B63: 216
A64: fun | B64: 200 | C64: angielski

Sheet kwiecien2023
E1: Przychody | H1: Stan konta na początku miesiąca | J1: Koszty stałe | K1: =SUM(J3:J999) -> 13855
A2: kategoria | B2: kwota | C2: opis | D2: data
A3: paliwo | B3: 292 | E3: sml | F3: 34317 | H3: =Zbiorczy!D34 -> 95312.35 | J3: =SUMIF($A$3:A$98, K3, B$3:B$98) -> 2100 | K3: zus | M3: =SUMIF($A$3:A$98, N3, B$3:B$98) -> 1509 | N3: biedronka
A4: fun | B4: 3200 | C4: komputer andrzej | E4: t14 | F4: 700 | J4: =SUMIF($A$3:A$98, K4, B$3:B$98) -> 3762 | K4: PIT36 | M4: =SUMIF($A$3:A$98, N4, B$3:B$98) -> 83 | N4: żabka
A5: mieszkanie | B5: 173 | C5: martusia multisport | J5: =SUMIF($A$3:A$98, K5, B$3:B$98) -> 6046 | K5: VAT | M5: =SUMIF($A$3:A$98, N5, B$3:B$98) -> 2759.67 | N5: auto
A6: fun | B6: 205 | C6: restauracja | J6: =SUMIF($A$3:A$98, K6, B$3:B$98) -> 1947 | K6: mieszkanie | M6: =SUMIF($A$3:A$98, N6, B$3:B$98) -> 1050 | N6: paliwo
A7: biedronka | B7: 56 | J7: =SUMIF($A$3:A$98, K7, B$3:B$98) -> 0 | K7: kredyt | M7: =SUMIF($A$3:A$98, N7, B$3:B$98) -> 5869 | N7: fun
A8: fun | B8: 100 | C8: vincent | M8: =SUMIF($A$3:A$98, N8, B$3:B$98) -> 2759.67 | N8: auto
A9: fun | B9: 37 | C9: ekler
A10: żabka | B10: 27
A11: fun | B11: 122 | C11: ristorante
A12: żabka | B12: 13
A13: auto | B13: 18
A14: lidl | B14: 264
A15: kawa | B15: 260
A16: lidl | B16: 15
A17: fun | B17: 90
A18: fun | B18: 78 | C18: ram
A19: auto | B19: 10
A20: apteka | B20: 57
A21: biuro | B21: 100 | C21: DisplayPort
A22: fun | B22: 57 | C22: szampon
A23: Biuro | B23: 83
A24: biedronka | B24: 82
A25: auto | B25: 2434.67
A26: biuro | B26: 83 | C26: oragne
A27: biuro | B27: 228 | C27: p4
A28: mieszkanie | B28: 1344
A29: żabka | B29: 20
A30: paliwo | B30: 270
A31: auto | B31: 20
A32: fun | B32: 225 | C32: swieta
A33: mieszkanie | B33: 40
A34: żabka | B34: 16
A35: lekarz | B35: 150 | C35: porada
A36: biedronka | B36: 12
A37: auto | B37: 250
A38: paliwo | B38: 101
A39: paliwo | B39: 87
A40: biedronka | B40: 60
A41: fun | B41: 40 | C41: Schabowy
A42: fun | B42: 164 | C42: Prezent dziecko
A43: fun | B43: 60 | C43: Case
A44: biedronka | B44: 21
A45: fun | B45: 320 | C45: Birr
A46: taxi | B46: 16
A47: kawa | B47: 60
A48: ubrania | B48: 340
A49: biedronka | B49: 15
A50: przejazdy | B50: 70 | C50: pociąg
A51: VAT | B51: 6046
A52: PIT36 | B52: 3762
A53: fun | B53: 23
A54: biedronka | B54: 177
A55: taxi | B55: 25
A56: biedronka | B56: 13
A57: fun | B57: 42
A58: mieszkanie | B58: 100
A59: fun | B59: 55 | C59: folia aw7
A60: fun | B60: 20 | C60: piwo
A61: biedronka | B61: 15
A62: ZUS | B62: 2100
A63: fun | B63: 130 | C63: Dongle m1
A64: biedronka | B64: 30
A65: fun | B65: 162 | C65: Knajpa
A66: biedronka | B66: 80
A67: fun | B67: 62 | C67: piekarnia
A68: fun | B68: 32
A69: biedronka | B69: 240
A70: fun | B70: 210
A71: fun | B71: 240
A72: lekarz | B72: 142
A73: żabka | B73: 7
A74: auto | B74: 27
A75: fun | B75: 48
A76: fun | B76: 27
A77: fun | B77: 120
A78: apteka | B78: 90
A79: lekarz | B79: 300
... A85: biedronka | B85: 424

Sheet marzec2023
E1: Przychody | H1: Stan konta na początku miesiąca | J1: Koszty stałe | K1: =SUM(J3:J999) -> 39591.64
A2: kategoria | B2: kwota | C2: opis | D2: data
A3: mieszkanie | B3: 350 | E3: sml | F3: 9489 | H3: =Zbiorczy!D33 -> 102486.67 | J3: =SUMIF($A$3:A$98, K3, B$3:B$98) -> 2100 | K3: zus | M3: =SUMIF($A$3:A$98, N3, B$3:B$98) -> 2086.65 | N3: biedronka
A4: biuro | B4: 228 | C4: play | J4: =SUMIF($A$3:A$98, K4, B$3:B$98) -> 985 | K4: PIT36 | M4: =SUMIF($A$3:A$98, N4, B$3:B$98) -> 183 | N4: żabka
A5: auto | B5: 2434.67 | J5: =SUMIF($A$3:A$98, K5, B$3:B$98) -> 1351 | K5: VAT | M5: =SUMIF($A$3:A$98, N5, B$3:B$98) -> 2521.67 | N5: auto
A6: biuro | B6: 83 | C6: orange | J6: =SUMIF($A$3:A$98, K6, B$3:B$98) -> 1829 | K6: mieszkanie | M6: =SUMIF($A$3:A$98, N6, B$3:B$98) -> 961 | N6: paliwo
A7: mieszkanie | B7: 1344 | J7: =SUMIF($A$3:A$98, K7, B$3:B$98) -> 0 | K7: kredyt | M7: =SUMIF($A$3:A$98, N7, B$3:B$98) -> 2883 | N7: fun
A8: paliwo | B8: 280
A9: paliwo | B9: 270
A10: lekarz | B10: 150 | C10: porada
A11: biedronka | B11: 233
A12: biedronka | B12: 23
A13: fun | B13: 21
A14: żabka | B14: 25
A15: mieszkanie | B15: 135
A16: biedronka | B16: 52
A17: żabka | B17: 22
A18: taxi | B18: 25
A19: żabka | B19: 12
A20: taxi | B20: 24
A21: taxi | B21: 68
A22: żabka | B22: 9
A23: fun | B23: 200
A24: fun | B24: 622 | C24: dzien kobiet
A25: biedronka | B25: 38
A26: fun | B26: 180 | C26: lego
A27: biedronka | B27: 10
A28: żabka | B28: 20
A29: fun | B29: 40
A30: fun | B30: 50
A31: biedronka | B31: 20
A32: biedronka | B32: 247
A33: fun | B33: 516 | C33: Gdańsk
A34: PIT36 | B34: 985
A35: VAT | B35: 1351
A36: ZUS | B36: 2100
A37: biedronka | B37: 65.15
A38: biuro | B38: 12 | C38: apple
A39: biedronka | B39: 61.5 | C39: byMac
A40: apteka | B40: 22
A41: fun | B41: 5
A42: biedronka | B42: 17
A43: biedronka | B43: 44
A44: lekarz | B44: 150
A45: żabka | B45: 14
A46: fun | B46: 5
A47: biedronka | B47: 53
A48: biedronka | B48: 216
A49: paliwo | B49: 90
A50: paliwo | B50: 78
A51: biedronka | B51: 64
A52: fun | B52: 600 | C52: angielski
A53: paliwo | B53: 243
A54: biuro | B54: 290
A55: biedronka | B55: 32
A56: biedronka | B56: 66
A57: biedronka | B57: 114
A58: biedronka | B58: 27 | C58: bymac
A59: fun | B59: 110 | C59: tonari
A60: fun | B60: 11
A61: biedronka | B61: 110
A62: biedronka | B62: 64
A63: apteka | B63: 46
A64: kawa | B64: 195
A65: biedronka | B65: 20
A66: fun | B66: 60 | C66: adobe
A67: auto | B67: 16
A68: auto | B68: 23
A69: żabka | B69: 4
A70: fun | B70: 90 | C70: peruwiana
A71: biedronka | B71: 15
A72: lekarz | B72: 300
A73: kawa | B73: 30
A74: fun | B74: 14
A75: fun | B75: 40
A76: ubrania | B76: 80 | C76: fryzjer
A77: biedronka | B77: 156
A78: żabka | B78: 11
A79: biedronka | B79: 150
A80: biedronka | B80: 27 | C80: bymac
A81: fun | B81: 40 | C81: kino
A82: fun | B82: 150 | C82: jula
A83: fun | B83: 55 | C83: multikino
A84: fun | B84: 60
A85: auto | B85: 10
A86: kluska | B86: 60
A87: auto | B87: 20
A88: fun | B88: 14
A89: auto | B89: 18
A90: żabka | B90: 19
A91: żabka | B91: 47
A92: biedronka | B92: 162

Sheet luty2023
E1: Przychody | H1: Stan konta na początku miesiąca | J1: Koszty stałe | K1: =SUM(J3:J999) -> 18236
A2: kategoria | B2: kwota | C2: opis | D2: data
A3: mieszkanie | B3: 350 | E3: sml | F3: 30996 | H3: =Zbiorczy!D32 -> 99889 | J3: =SUMIF($A$3:A$98, K3, B$3:B$98) -> 1850 | K3: zus | M3: =SUMIF($A$3:A$98, N3, B$3:B$98) -> 233 | N3: biedronka
A4: mieszkanie | B4: 90 | J4: =SUMIF($A$3:A$98, K4, B$3:B$98) -> 4152 | K4: PIT36 | M4: =SUMIF($A$3:A$98, N4, B$3:B$98) -> 15 | N4: żabka
A5: auto | B5: 2500 | J5: =SUMIF($A$3:A$98, K5, B$3:B$98) -> 9400 | K5: VAT | M5: =SUMIF($A$3:A$98, N5, B$3:B$98) -> 2500 | N5: auto
A6: fun | B6: 89 | J6: =SUMIF($A$3:A$98, K6, B$3:B$98) -> 2064 | K6: mieszkanie | M6: =SUMIF($A$3:A$98, N6, B$3:B$98) -> 663 | N6: paliwo
A7: mieszkanie | B7: 1174 | J7: =SUMIF($A$3:A$98, K7, B$3:B$98) -> 770 | K7: kredyt | M7: =SUMIF($A$3:A$98, N7, B$3:B$98) -> 5743.33 | N7: fun
A8: paliwo | B8: 152 | M8: =SUMIF($A$3:A$98, N8, B$3:B$98) -> 2500 | N8: auto
A9: biuro | B9: 19
A10: paliwo | B10: 151
A11: biuro | B11: 83 | C11: orange
A12: biuro | B12: 234 | C12: play
A13: VAT | B13: 9400
A14: PIT36 | B14: 4140
A15: PIT36 | B15: 12
A16: ZUS | B16: 1850
A17: paliwo | B17: 280
A18: biuro | B18: 290
A19: biedronka | B19: 30
A20: rossman | B20: 37
A21: fun | B21: 300 | C21: wakacje
A22: biedronka | B22: 47
A23: fun | B23: 26 | C23: wakacje
A24: fun | B24: 226
A25: fun | B25: 26
A26: mieszkanie | B26: 350
A27: fun | B27: 2000 | C27: wakacje
A28: apteka | B28: 88
A29: fun | B29: 89 | C29: pyszne
A30: fun | B30: 280 | C30: pan pablo
A31: fun | B31: 8
A32: paliwo | B32: 80
A33: kredyt | B33: 230
A34: kredyt | B34: 540
A35: mieszkanie | B35: 100
A36: biuro | B36: 11
A37: fun | B37: 56 | C37: mcdonalds
A38: fun | B38: 60 | C38: adovbe
A39: biedronka | B39: 80
A40: biedronka | B40: 76 | C40: byMac
A41: żabka | B41: 15
A42: ubrania | B42: 70
A43: kawa | B43: 176
A44: fun | B44: 2583.33 | C44: wakacje

Sheet styczen2023
E1: Przychody | H1: Stan konta na początku miesiąca | J1: Koszty stałe | K1: =SUM(J3:J999) -> 11091
A2: kategoria | B2: kwota | C2: opis | D2: data
A3: paliwo | B3: 238 | E3: sml | F3: 31632 | H3: =Zbiorczy!D31 -> 70560 | J3: =SUMIF($A$3:A$98, K3, B$3:B$98) -> 1830 | K3: zus | M3: =SUMIF($A$3:A$98, N3, B$3:B$98) -> 1643 | N3: biedronka
A4: żabka | B4: 26 | E4: laguna | F4: 22300 | J4: =SUMIF($A$3:A$98, K4, B$3:B$98) -> 3201 | K4: PIT36 | M4: =SUMIF($A$3:A$98, N4, B$3:B$98) -> 125 | N4: żabka
A5: fun | B5: 40 | J5: =SUMIF($A$3:A$98, K5, B$3:B$98) -> 4148 | K5: VAT | M5: =SUMIF($A$3:A$98, N5, B$3:B$98) -> 3985 | N5: auto
A6: mieszkanie | B6: 1200 | J6: =SUMIF($A$3:A$98, K6, B$3:B$98) -> 1912 | K6: mieszkanie | M6: =SUMIF($A$3:A$98, N6, B$3:B$98) -> 1419 | N6: paliwo
A7: mieszkanie | B7: 350 | J7: =SUMIF($A$3:A$98, K7, B$3:B$98) -> 0 | K7: kredyt | M7: =SUMIF($A$3:A$98, N7, B$3:B$98) -> 2880 | N7: fun
A8: biedronka | B8: 170 | M8: =SUMIF($A$3:A$98, N8, B$3:B$98) -> 3985 | N8: auto
A9: auto | B9: 70
A10: auto | B10: 2450
A11: kawa | B11: 170
A12: fun | B12: 77 | C12: Repellenty
A13: biedronka | B13: 100
A14: fun | B14: 50
A15: biuro | B15: 240 | C15: p4
A16: biuro | B16: 90 | C16: orange
A17: paliwo | B17: 225
A18: żabka | B18: 35
A19: mieszkanie | B19: 100
A20: lekarz | B20: 630
A21: biedronka | B21: 100
A22: auto | B22: 70
A23: kluska | B23: 16
A24: auto | B24: 450
A25: fun | B25: 48
A26: biedronka | B26: 50
A27: biedronka | B27: 53
A28: zus | B28: 1830
... A42: mieszkanie | B42: 250
A43: fun | B43: 100 | C43: powerbank
A44: fun | B44: 100 | C44: Jula
A45: apteka | B45: 100
A46: fun | B46: 22
A47: biedronka | B47: 160
A48: auto | B48: 13
A49: żabka | B49: 23
A50: biedronka | B50: 60
A51: biedronka | B51: 16
A52: biedronka | B52: 20
A53: żabka | B53: 13
A54: fun | B54: 32
A55: mieszkanie | B55: 12
A56: fun | B56: 330 | C56: airbnb
A57: ubrania | B57: 64
A58: biedronka | B58: 30
A59: fun | B59: 50
A60: biedronka | B60: 62
A61: lekarz | B61: 150
A62: kluska | B62: 210
A63: ubrania | B63: 100
A64: ubrania | B64: 290
A65: kluska | B65: 160
A66: fun | B66: 150
A67: ubrania | B67: 110
A68: kawa | B68: 15
... A72: żabka | B72: 28
A73: biedronka | B73: 43 | C73: bymac
A74: lekarz | B74: 300
A75: biedronka | B75: 65
A76: biedronka | B76: 53
A77: fun | B77: 350 | C77: prezent marta
A78: fun | B78: 70 | C78: fryzjer
A79: fun | B79: 55
A80: fun | B80: 86
A81: biedronka | B81: 40
A82: biedronka | B82: 22
A83: apteka | B83: 65
A84: fun | B84: 86
A85: biedronka | B85: 23
A86: fun | B86: 500 | C86: angielski
A87: paliwo | B87: 190
A88: paliwo | B88: 123
A89: biuro | B89: 300
A90: paliwo | B90: 133
A91: auto | B91: 462 | C91: rejestracja
A92: paliwo | B92: 250

Sheet grudzien2022
E1: Przychody | H1: Stan konta na początku miesiąca | J1: Koszty stałe | K1: =SUM(J3:J999) -> 14319.49
A2: kategoria | B2: kwota | C2: opis | D2: data
A3: biuro | B3: 519 | C3: yubikey | E3: sml | F3: 32258 | H3: =Zbiorczy!D30 -> 92500 | J3: =SUMIF($A$3:A$98, K3, B$3:B$98) -> 1825.49 | K3: zus | M3: =SUMIF($A$3:A$98, N3, B$3:B$98) -> 317.51 | N3: biedronka
A4: fun | B4: 270 | C4: pożyczka jula | J4: =SUMIF($A$3:A$98, K4, B$3:B$98) -> 4000 | K4: PIT36 | M4: =SUMIF($A$3:A$98, N4, B$3:B$98) -> 58 | N4: żabka
A5: fun | B5: 150 | C5: dekoracje | J5: =SUMIF($A$3:A$98, K5, B$3:B$98) -> 6017 | K5: VAT | M5: =SUMIF($A$3:A$98, N5, B$3:B$98) -> 24254 | N5: auto
A6: fun | B6: 190 | C6: polityka | J6: =SUMIF($A$3:A$98, K6, B$3:B$98) -> 1710 | K6: mieszkanie | M6: =SUMIF($A$3:A$98, N6, B$3:B$98) -> 2789 | N6: paliwo
A7: mieszkanie | B7: 1200 | J7: =SUMIF($A$3:A$98, K7, B$3:B$98) -> 767 | K7: kredyt | M7: =SUMIF($A$3:A$98, N7, B$3:B$98) -> 6793 | N7: fun
A8: fun | B8: 430 | C8: Prezent Tusia | M8: =SUMIF($A$3:A$98, N8, B$3:B$98) -> 24254 | N8: auto
A9: rossman | B9: 46
A10: auto | B10: 88
A11: auto | B11: 350 | C11: Parking
A12: biedronka | B12: 82
A13: auto | B13: 16150
A14: biuro | B14: 84
A15: biuro | B15: 230
A16: biuro | B16: 680 | C16: hotel
A17: ubrania | B17: 100
A18: ubrania | B18: 60
A19: fun | B19: 50
A20: fun | B20: 50
A21: paliwo | B21: 355
A22: VAT | B22: 6017
A23: auto | B23: 5204 | C23: ubezpieczenie AC tucson
A24: auto | B24: 2100 | C24: GAP
A25: fun | B25: 122
A26: lekarz | B26: 150
A27: paliwo | B27: 210
A28: fun | B28: 35
A29: ubrania | B29: 950
A30: fun | B30: 65
A31: paliwo | B31: 110
A32: paliwo | B32: 250
A33: paliwo | B33: 319
A34: fun | B34: 400 | C34: angielski
A35: zus | B35: 1825.49
A36: PIT36 | B36: 4000
A37: paliwo | B37: 357
A38: paliwo | B38: 175
A39: paliwo | B39: 102
A40: biuro | B40: 229 | C40: play
A41: paliwo | B41: 330
A42: biuro | B42: 83 | C42: orange
A43: paliwo | B43: 200
A44: paliwo | B44: 100
A45: paliwo | B45: 281
A46: przejazdy | B46: 38 | C46: pociąg
A47: biedronka | B47: 4
A48: fun | B48: 57 | C48: cafe nero
A49: fun | B49: 16
A50: lekarz | B50: 150 | C50: porada
A51: auto | B51: 21 | C51: parking
A52: auto | B52: 16 | C52: myjnia
A53: mieszkanie | B53: 410 | C53: węgiel
A54: fun | B54: 144 | C54: piekarnia
A55: biedronka | B55: 25
A56: fun | B56: 19
A57: fun | B57: 60 | C57: adobe
A58: apteka | B58: 773 | C58: leki malaria
A59: lekarz | B59: 250 | C59: malaria
A60: auto | B60: 250 | C60: holowanie
A61: biedronka | B61: 23
A62: biedronka | B62: 71
A63: fun | B63: 502 | C63: prezenty
A64: kawa | B64: 140
A65: fun | B65: 326 | C65: tajlandia airbnb
A66: fun | B66: 1105 | C66: spanie tajlandia
A67: fun | B67: 180 | C67: prezent andrzej
A68: fun | B68: 42 | C68: lastryko
A69: żabka | B69: 10
A70: fun | B70: 160 | C70: prezent marta rodzice
A71: apteka | B71: 64
A72: rossman | B72: 17
A73: fun | B73: 13
A74: fun | B74: 82 | C74: prezent rodzice marta
A75: żabka | B75: 48
A76: biedronka | B76: 43
A77: lekarz | B77: 300
A78: fun | B78: 35
A79: fun | B79: 150 | C79: prezent jula
A80: auto | B80: 25 | C80: parking
A81: fun | B81: 123 | C81: pyszne
A82: fun | B82: 90 | C82: pyszne
A83: lekarz | B83: 150 | C83: porada
A84: przejazdy | B84: 72
A85: auto | B85: 50 | C85: parking
A86: fun | B86: 41 | C86: kawiarnia
A87: fun | B87: 1680 | C87: loty vietnam
A88: fun | B88: 65 | C88: vogue
A89: biedronka | B89: 20
A90: fun | B90: 21 | C90: mc
A91: przejazdy | B91: 52
A92: mieszkanie | B92: 100
A93: biedronka | B93: 27
A94: kredyt | B94: 537 | C94: kredyt
A95: kredyt | B95: 230
A96: biedronka | B96: 22.51
A97: ubrania | B97: 650
A98: fun | B98: 120
A99: ubrania | B99: 40
A100: fun | B100: 115

Sheet listopad2022
E1: Przychody | H1: Stan konta na początku miesiąca | J1: Koszty stałe | K1: =SUM(J3:J1002) -> 9579
A2: kategoria | B2: kwota | C2: opis | D2: data
A3: fun | B3: 155 | C3: etui | E3: sml | F3: 22111 | H3: =Zbiorczy!D29 -> 88387 | J3: =SUMIF($A$3:A$101, K3, B$3:B$101) -> 1900 | K3: zus | M3: =SUMIF($A$3:A$101, N3, B$3:B$101) -> 2168 | N3: biedronka
A4: mieszkanie | B4: 350 | C4: parking | J4: =SUMIF($A$3:A$101, K4, B$3:B$101) -> 1820 | K4: PIT36 | M4: =SUMIF($A$3:A$101, N4, B$3:B$101) -> 30 | N4: żabka
A5: mieszkanie | B5: 1370 | C5: czynsz | J5: =SUMIF($A$3:A$101, K5, B$3:B$101) -> 3934 | K5: VAT | M5: =SUMIF($A$3:A$101, N5, B$3:B$101) -> 1617 | N5: auto
A6: ubrania | B6: 65 | J6: =SUMIF($A$3:A$101, K6, B$3:B$101) -> 1925 | K6: mieszkanie | M6: =SUMIF($A$3:A$101, N6, B$3:B$101) -> 978 | N6: paliwo
A7: biedronka | B7: 195 | J7: =SUMIF($A$3:A$101, K7, B$3:B$101) -> 0 | K7: kredyt | M7: =SUMIF($A$3:A$101, N7, B$3:B$101) -> 1869 | N7: fun
A8: biedronka | B8: 32 | M8: =SUMIF($A$3:A$101, N8, B$3:B$101) -> 1617 | N8: auto
A9: biuro | B9: 83 | C9: orange
A10: biuro | B10: 230 | C10: p4
A11: auto | B11: 200
A12: paliwo | B12: 333
A13: biedronka | B13: 70
A14: biedronka | B14: 230
A15: kawa | B15: 150
A16: biedronka | B16: 25
A17: fun | B17: 60
A18: fun | B18: 313 | C18: Kurs three.js
A19: ubrania | B19: 112 | C19: Pralnia
A20: mieszkanie | B20: 100
A21: żabka | B21: 30
A22: taxi | B22: 50
A23: biedronka | B23: 50
A24: biedronka | B24: 95
A25: PIT36 | B25: 1808
A26: VAT | B26: 3934
A27: kawa | B27: 17
A28: ubrania | B28: 40
A29: kluska | B29: 160
A30: taxi | B30: 60
A31: kluska | B31: 50
A32: fun | B32: 336 | C32: prezent martusia
A33: biedronka | B33: 90
A34: zus | B34: 1900
A35: PIT36 | B35: 12
A36: biedronka | B36: 107
A37: fun | B37: 100
A38: fun | B38: 300 | C38: Prezent jula
A39: biedronka | B39: 120
A40: biedronka | B40: 50
A41: biedronka | B41: 50
A42: fun | B42: 55
A43: biedronka | B43: 571
A44: auto | B44: 1417
A45: biedronka | B45: 40
A46: fun | B46: 180 | C46: Prezent Martusia
A47: biedronka | B47: 23
A48: biedronka | B48: 120
A49: lekarz | B49: 150
A50: lekarz | B50: 300
A51: paliwo | B51: 360
A52: biedronka | B52: 150
A53: fun | B53: 100
A54: kawa | B54: 290
A55: fun | B55: 120
A56: paliwo | B56: 285
A57: fun | B57: 70 | C57: fryzjer
A58: fun | B58: 80
A59: mieszkanie | B59: 105
A60: biedronka | B60: 150

Sheet pazdziernik2022
E1: Przychody | H1: Stan konta na początku miesiąca | J1: Koszty stałe | K1: =SUM(J3:J1002) -> 8643
A2: kategoria | B2: kwota | C2: opis | D2: data
A3: biedronka | B3: 200 | C3: maszynka i oral b | D3: 44835 | E3: sml | F3: 26340 | H3: =Zbiorczy!D28 -> 79838 | J3: =SUMIF($A$3:A$101, K3, B$3:B$101) -> 1830 | K3: zus | M3: =SUMIF($A$3:A$101, N3, B$3:B$101) -> 621 | N3: biedronka
A4: mieszkanie | B4: 100 | E4: uro | J4: =SUMIF($A$3:A$101, K4, B$3:B$101) -> 3572 | K4: PIT36 | M4: =SUMIF($A$3:A$101, N4, B$3:B$101) -> 0 | N4: żabka
A5: mieszkanie | B5: 650 | C5: Ikea | J5: =SUMIF($A$3:A$101, K5, B$3:B$101) -> 14 | K5: VAT | M5: =SUMIF($A$3:A$101, N5, B$3:B$101) -> 0 | N5: auto
A6: rossman | B6: 40 | J6: =SUMIF($A$3:A$101, K6, B$3:B$101) -> 2460 | K6: mieszkanie | M6: =SUMIF($A$3:A$101, N6, B$3:B$101) -> 380 | N6: paliwo
A7: fun | B7: 20 | J7: =SUMIF($A$3:A$101, K7, B$3:B$101) -> 767 | K7: kredyt | M7: =SUMIF($A$3:A$101, N7, B$3:B$101) -> 6980 | N7: fun
A8: fun | B8: 120 | M8: =SUMIF($A$3:A$101, N8, B$3:B$101) -> 0 | N8: auto
A9: mieszkanie | B9: 1270
A10: mieszkanie | B10: 350
A11: fun | B11: 225
A12: mieszkanie | B12: 90
A13: fun | B13: 20
A14: fun | B14: 60
A15: biedronka | B15: 60
A16: biuro | B16: 263 | C16: p4
A17: biuro | B17: 83
A18: biedronka | B18: 112
A19: rossman | B19: 70
A20: biedronka | B20: 24
A21: biedronka | B21: 20
A22: lekarz | B22: 150 | C22: porada
A23: fun | B23: 75
A24: biuro | B24: 170 | C24: parking
A25: biedronka | B25: 80
A26: kawa | B26: 101
A27: biedronka | B27: 20
A28: fun | B28: 20
A29: ZUS | B29: 1830
A30: VAT | B30: 14
A31: fun | B31: 100
A32: biedronka | B32: 40
A33: fun | B33: 70
A34: biedronka | B34: 65
A35: fun | B35: 90 | C35: Prezenty chf
A36: fun | B36: 85 | C36: Pociąg chf
A37: paliwo | B37: 380
A38: fun | B38: 28
A39: biuro | B39: 290
A40: PIT36 | B40: 3572
A41: kredyt | B41: 230 | C41: robot
A42: kredyt | B42: 537 | C42: sigma
A43: fun | B43: 225 | C43: airbnb
A44: fun | B44: 5842 | C44: wakacje

Sheet wrzesien2022
E1: Przychody | H1: Stan konta na początku miesiąca | J1: Koszty stałe | K1: =SUM(J3:J1002) -> 8806
A2: kategoria | B2: kwota | C2: opis | D2: data
A3: mieszkanie | B3: 1370 | E3: sml | F3: 23099 | H3: =Zbiorczy!D27 -> 73236 | J3: =SUMIF($A$3:A$101, K3, B$3:B$101) -> 1900 | K3: zus | M3: =SUMIF($A$3:A$101, N3, B$3:B$101) -> 1195 | N3: biedronka
A4: żabka | B4: 14 | E4: uro | J4: =SUMIF($A$3:A$101, K4, B$3:B$101) -> 3302 | K4: PIT36 | M4: =SUMIF($A$3:A$101, N4, B$3:B$101) -> 112 | N4: żabka
A5: kawa | B5: 210 | J5: =SUMIF($A$3:A$101, K5, B$3:B$101) -> 0 | K5: VAT | M5: =SUMIF($A$3:A$101, N5, B$3:B$101) -> 96 | N5: auto
A6: biedronka | B6: 20 | J6: =SUMIF($A$3:A$101, K6, B$3:B$101) -> 2070 | K6: mieszkanie | M6: =SUMIF($A$3:A$101, N6, B$3:B$101) -> 1553 | N6: paliwo
A7: mieszkanie | B7: 350 | J7: =SUMIF($A$3:A$101, K7, B$3:B$101) -> 1534 | K7: kredyt | M7: =SUMIF($A$3:A$101, N7, B$3:B$101) -> 2091 | N7: fun
A8: fun | B8: 35 | C8: Happa | M8: =SUMIF($A$3:A$101, N8, B$3:B$101) -> 96 | N8: auto
A9: biedronka | B9: 120
A10: żabka | B10: 16
A11: paliwo | B11: 315
A12: fun | B12: 115 | C12: Knajpa
A13: fun | B13: 145 | C13: Daniel
A14: biedronka | B14: 36
A15: fun | B15: 30
A16: fun | B16: 40
A17: fun | B17: 21 | C17: Lody
A18: fun | B18: 370 | C18: Meksykanie
A19: biedronka | B19: 54
A20: fun | B20: 300 | C20: Bilety vito Ralphowi
A21: biuro | B21: 83 | C21: orange
A22: biuro | B22: 252 | C22: play
A23: biedronka | B23: 27
A24: biedronka | B24: 50
A25: apteka | B25: 123
A26: żabka | B26: 25
A27: żabka | B27: 17
A28: fun | B28: 65 | C28: Adobe
A29: żabka | B29: 10
A30: kredyt | B30: 230 | C30: robot
A31: fun | B31: 24 | C31: Pizza
A32: ubrania | B32: 680 | C32: Buty
A33: biedronka | B33: 16
A34: fun | B34: 29 | C34: Pizza
A35: biedronka | B35: 130
A36: fun | B36: 40 | C36: Ła papaya
A37: taxi | B37: 17
A38: fun | B38: 50 | C38: Czebureki
A39: fun | B39: 37 | C39: Proseczjo
A40: taxi | B40: 18
A41: kredyt | B41: 537 | C41: Sigma
A42: mieszkanie | B42: 100 | C42: Inea
A43: PIT36 | B43: 3290
A44: lekarz | B44: 300
A45: paliwo | B45: 340
A46: żabka | B46: 5
A47: auto | B47: 20
A48: fun | B48: 26
A49: fun | B49: 40
A50: fun | B50: 10
A51: biedronka | B51: 70
A52: biedronka | B52: 20
A53: auto | B53: 76 | C53: Żarówki
A54: paliwo | B54: 218
A55: paliwo | B55: 170
A56: paliwo | B56: 200
A57: przejazdy | B57: 50 | C57: A4
A58: przejazdy | B58: 52
A59: fun | B59: 10
A60: fun | B60: 7
A61: fun | B61: 53 | C61: Drineczki
A62: biedronka | B62: 9
A63: fun | B63: 10 | C63: Mcdonalds
A64: biedronka | B64: 13
A65: fun | B65: 40 | C65: Mcdonalds
A66: PIT36 | B66: 12
A67: ZUS | B67: 1900
A68: kawa | B68: 55
A69: fun | B69: 20 | C69: Prime
A70: biedronka | B70: 40
A71: biedronka | B71: 120
A72: lekarz | B72: 150 | C72: porada
A73: żabka | B73: 5
A74: kawa | B74: 144
A75: biedronka | B75: 170
A76: kawa | B76: 40
A77: fun | B77: 90
A78: biedronka | B78: 50
A79: paliwo | B79: 310
A80: fun | B80: 300 | C80: Pożyczka jula
A81: żabka | B81: 20
A82: fun | B82: 39
A83: biuro | B83: 10
A84: biedronka | B84: 220
A85: biuro | B85: 290
A86: apteka | B86: 50
A87: mieszkanie | B87: 150
A88: mieszkanie | B88: 100
A89: biedronka | B89: 30
A90: fun | B90: 70
A91: ubrania | B91: 120
A92: fun | B92: 75
A93: kredyt | B93: 537 | C93: Aparat
A94: kredyt | B94: 230 | C94: Roborock

Sheet sierpien2022
E1: Przychody | H1: Stan konta na początku miesiąca | J1: Koszty stałe | K1: =SUM(J3:J998) -> 6686
A2: kategoria | B2: kwota | C2: opis | D2: data
A3: mieszkanie | B3: 1370 | E3: sml | F3: 22369 | H3: =Zbiorczy!D26 -> 72488 | J3: =SUMIF($A$3:A$97, K3, B$3:B$97) -> 1826 | K3: zus | M3: =SUMIF($A$3:A$97, N3, B$3:B$97) -> 1102 | N3: biedronka
A4: biedronka | B4: 70 | E4: bogusz | F4: 450 | J4: =SUMIF($A$3:A$97, K4, B$3:B$97) -> 2900 | K4: PIT36 | M4: =SUMIF($A$3:A$97, N4, B$3:B$97) -> 154 | N4: żabka
A5: fun | B5: 165 | C5: Babu frik | E5: marta | F5: 670 | J5: =SUMIF($A$3:A$97, K5, B$3:B$97) -> 0 | K5: VAT | M5: =SUMIF($A$3:A$97, N5, B$3:B$97) -> 2985 | N5: auto
A6: fun | B6: 130 | C6: Health labs | J6: =SUMIF($A$3:A$97, K6, B$3:B$97) -> 1960 | K6: mieszkanie | M6: =SUMIF($A$3:A$97, N6, B$3:B$97) -> 1181 | N6: paliwo
A7: auto | B7: 350 | C7: Parking | J7: =SUMIF($A$3:A$97, K7, B$3:B$97) -> 0 | K7: kredyt | M7: =SUMIF($A$3:A$97, N7, B$3:B$97) -> 6967 | N7: fun
A8: biedronka | B8: 80
A9: fun | B9: 55 | C9: ubezp wlochy
A10: fun | B10: 850 | C10: Młynek
A11: biuro | B11: 390 | C11: play
A12: biuro | B12: 90 | C12: orange
A13: fun | B13: 30 | C13: kfc
A14: paliwo | B14: 260
A15: PIT36 | B15: 2900
A16: auto | B16: 1900
A17: fun | B17: 2851 | C17: Rzym + knajpki
A18: paliwo | B18: 350
A19: fun | B19: 81
A20: fun | B20: 170 | C20: wino i pizza
A21: fun | B21: 95 | C21: wino
A22: biedronka | B22: 50
A23: biedronka | B23: 43
A24: fun | B24: 500 | C24: tusia
A25: żabka | B25: 22
A26: biedronka | B26: 18
A27: biedronka | B27: 11
A28: biedronka | B28: 40
A29: żabka | B29: 18
A30: fun | B30: 35 | C30: kwiaty
A31: żabka | B31: 8
A32: mieszkanie | B32: 40
A33: biedronka | B33: 11
A34: biedronka | B34: 10
A35: ubrania | B35: 600
A36: lekarz | B36: 150
A37: żabka | B37: 8
A38: biedronka | B38: 270
A39: fun | B39: 165 | C39: pastrami
A40: przejazdy | B40: 8
A41: biedronka | B41: 55
A42: rossman | B42: 13
A43: żabka | B43: 8
A44: fun | B44: 75 | C44: dim sum
A45: żabka | B45: 8
A46: kawa | B46: 90
A47: fun | B47: 22 | C47: kfc
A48: fun | B48: 200 | C48: Jula
A49: żabka | B49: 15
A50: biedronka | B50: 140
A51: fun | B51: 30 | C51: BK
A52: biedronka | B52: 17
A53: fun | B53: 60
A54: biedronka | B54: 62
A55: kawa | B55: 11
A56: przejazdy | B56: 40
A57: żabka | B57: 14
A58: fun | B58: 80 | C58: bytom kawa
A59: żabka | B59: 13
A60: taxi | B60: 35
A61: taxi | B61: 65
A62: fun | B62: 81 | C62: sushi bytom
A63: fun | B63: 31 | C63: bytom kawa
A64: fun | B64: 84 | C64: fest
A65: fun | B65: 60 | C65: swiety
A66: fun | B66: 64 | C66: hilo
A67: biedronka | B67: 14
A68: żabka | B68: 17
A69: taxi | B69: 19
A70: fun | B70: 84 | C70: kirgijska
A71: mieszkanie | B71: 100
A72: biuro | B72: 290
A73: przejazdy | B73: 110 | C73: parking lot
A74: fun | B74: 540 | C74: kredyt sigma
A75: mieszkanie | B75: 230 | C75: roborock
A76: fun | B76: 70 | C76: przejazd rzym
A77: żabka | B77: 23
A78: biuro | B78: 1424 | C78: GVA
A79: auto | B79: 105 | C79: winieta
A80: przejazdy | B80: 214 | C80: pkp wwa
A81: paliwo | B81: 313
A82: przejazdy | B82: 117 | C82: pkp wwa
A83: ZUS | B83: 1826
A84: paliwo | B84: 258
A85: biedronka | B85: 161
A86: fun | B86: 289
A87: fun | B87: 30
A88: mieszkanie | B88: 220 | C88: kwiatek
A89: biedronka | B89: 7
A90: fun | B90: 40
A91: biedronka | B91: 30
A92: biedronka | B92: 13
A93: auto | B93: 630

Sheet lipiec2022
E1: Przychody | H1: Stan konta na początku miesiąca | J1: Koszty stałe | K1: =SUM(J3:J1002) -> 6865
A2: kategoria | B2: kwota | C2: opis | D2: data
A3: fun | B3: 2390 | C3: Bilety Bangkok | E3: sml | F3: 23164 | H3: =Zbiorczy!D25 -> 67719.29 | J3: =SUMIF($A$3:A$101, K3, B$3:B$101) -> 1830 | K3: zus | M3: =SUMIF($A$3:A$101, N3, B$3:B$101) -> 1600 | N3: biedronka
A4: auto | B4: 350 | E4: uro | F4: 300 | J4: =SUMIF($A$3:A$101, K4, B$3:B$101) -> 0 | K4: PIT36 | M4: =SUMIF($A$3:A$101, N4, B$3:B$101) -> 40 | N4: żabka
A5: fun | B5: 50 | J5: =SUMIF($A$3:A$101, K5, B$3:B$101) -> 2678 | K5: VAT | M5: =SUMIF($A$3:A$101, N5, B$3:B$101) -> 350 | N5: auto
A6: biedronka | B6: 19 | J6: =SUMIF($A$3:A$101, K6, B$3:B$101) -> 1590 | K6: mieszkanie | M6: =SUMIF($A$3:A$101, N6, B$3:B$101) -> 520 | N6: paliwo
A7: kluska | B7: 34 | J7: =SUMIF($A$3:A$101, K7, B$3:B$101) -> 767 | K7: kredyt | M7: =SUMIF($A$3:A$101, N7, B$3:B$101) -> 7367.29 | N7: fun
A8: biedronka | B8: 90
A9: fun | B9: 22
A10: mieszkanie | B10: 1370
A11: fun | B11: 12
A12: żabka | B12: 30
A13: ubrania | B13: 230
A14: apteka | B14: 40
A15: biedronka | B15: 81
A16: biuro | B16: 345 | C16: play
A17: biuro | B17: 83 | C17: orange
A18: apteka | B18: 23
A19: fun | B19: 54
A20: biedronka | B20: 140
A21: biedronka | B21: 94
A22: lekarz | B22: 150 | C22: porada
A23: kawa | B23: 210
A24: biedronka | B24: 46
A25: biedronka | B25: 20
A26: fun | B26: 100 | C26: brunch
A27: fun | B27: 100
A28: fun | B28: 200
A29: fun | B29: 170
A30: fun | B30: 330 | C30: Bilety roma
A31: przejazdy | B31: 8
A32: biedronka | B32: 110
A33: lekarz | B33: 150 | C33: porada
A34: VAT | B34: 2660
A35: biedronka | B35: 6
A36: VAT | B36: 18
A37: ZUS | B37: 1830
A38: biedronka | B38: 32
A39: fun | B39: 50 | C39: Disney
A40: fun | B40: 60 | C40: Adobe
A41: fun | B41: 330 | C41: Jezioro
A42: fun | B42: 300 | C42: softbox
A43: fun | B43: 1400 | C43: Francja
A44: biedronka | B44: 85
A45: fun | B45: 225 | C45: Ravensburg
A46: fun | B46: 15 | C46: matcha
A47: mieszkanie | B47: 100 | C47: internet
A48: biedronka | B48: 50
A49: mieszkanie | B49: 120
A50: biedronka | B50: 240
A51: fun | B51: 77
A52: apteka | B52: 80
A53: fun | B53: 300 | C53: hotel
A54: przejazdy | B54: 70
A55: paliwo | B55: 360
A56: paliwo | B56: 160
A57: fun | B57: 50 | C57: tuptanie
A58: fun | B58: 50 | C58: kawa
A59: biedronka | B59: 59 | C59: kzn
A60: fun | B60: 100 | C60: mandat
A61: kredyt | B61: 537
A62: kredyt | B62: 230
A63: fun | B63: 100 | C63: jola
A64: fun | B64: 330.29 | C64: bilety rzym
A65: fun | B65: 510 | C65: hotel
A66: biedronka | B66: 265
A67: biedronka | B67: 70
A68: biedronka | B68: 130
A69: biuro | B69: 290
A70: żabka | B70: 10
A71: biuro | B71: 190 | C71: Microfrontends
A72: biedronka | B72: 63
A73: fun | B73: 42
A74: rossman | B74: 50

Sheet czerwiec2022
E1: Przychody | H1: Stan konta na początku miesiąca | J1: Koszty stałe | K1: =SUM(J3:J1002) -> 7148
A2: kategoria | B2: kwota | C2: opis | D2: data
A3: apteka | B3: 61 | E3: sml | F3: 22880 | H3: =Zbiorczy!D24 -> 59136.29 | J3: =SUMIF($A$3:A$101, K3, B$3:B$101) -> 1850 | K3: zus | M3: =SUMIF($A$3:A$101, N3, B$3:B$101) -> 888 | N3: biedronka
A4: fun | B4: 9 | C4: kawa | J4: =SUMIF($A$3:A$101, K4, B$3:B$101) -> 2700 | K4: PIT36 | M4: =SUMIF($A$3:A$101, N4, B$3:B$101) -> 55 | N4: żabka
A5: mieszkanie | B5: 1370 | J5: =SUMIF($A$3:A$101, K5, B$3:B$101) -> 18 | K5: auto | M5: =SUMIF($A$3:A$101, N5, B$3:B$101) -> 18 | N5: auto
A6: mieszkanie | B6: 350 | C6: parking | J6: =SUMIF($A$3:A$101, K6, B$3:B$101) -> 1820 | K6: mieszkanie | M6: =SUMIF($A$3:A$101, N6, B$3:B$101) -> 935 | N6: paliwo
A7: biedronka | B7: 73 | J7: =SUMIF($A$3:A$101, K7, B$3:B$101) -> 760 | K7: kredyt | M7: =SUMIF($A$3:A$101, N7, B$3:B$101) -> 2612 | N7: fun
A8: auto | B8: 18 | C8: myjnia | M8: =SUMIF($A$3:A$101, N8, B$3:B$101) -> 18 | N8: auto
A9: fun | B9: 15 | C9: lody
A10: lekarz | B10: 150 | C10: gawlik
A11: ubrania | B11: 360
A12: fun | B12: 4 | C12: Lody
A13: fun | B13: 711 | C13: capture one
A14: lekarz | B14: 450
A15: fun | B15: 10
A16: żabka | B16: 12
A17: fun | B17: 9 | C17: herbata
A18: żabka | B18: 13
A19: biedronka | B19: 30
A20: fun | B20: 54 | C20: amciu
A21: kawa | B21: 27
A22: apteka | B22: 60
A23: biedronka | B23: 55
A24: kawa | B24: 30
A25: fun | B25: 112 | C25: pierniki
A26: rossman | B26: 25
A27: biuro | B27: 250 | C27: hotel
A28: paliwo | B28: 210
A29: kredyt | B29: 230 | C29: Robot
A30: kredyt | B30: 530 | C30: Sigma
A31: lekarz | B31: 350 | C31: dentysta
A32: mieszkanie | B32: 100 | C32: internet
A33: biedronka | B33: 70
A34: krypto | B34: 200
A35: paliwo | B35: 205
A36: apteka | B36: 65
A37: biedronka | B37: 80
A38: biedronka | B38: 80
A39: ZUS | B39: 1850
A40: biedronka | B40: 80
A41: PIT36 | B41: 2700
A42: fun | B42: 460 | C42: Fotografia
A43: paliwo | B43: 250
A44: fun | B44: 40 | C44: Pilot
A45: biedronka | B45: 60
A46: biedronka | B46: 40
A47: fun | B47: 120
A48: biedronka | B48: 80
A49: biedronka | B49: 117
A50: lekarz | B50: 150
A51: biedronka | B51: 11
A52: fun | B52: 580 | C52: krypto etc
A53: paliwo | B53: 270
A54: biedronka | B54: 50
A55: fun | B55: 50
A56: fun | B56: 70
A57: fun | B57: 150 | C57: suple
A58: rossman | B58: 5
A59: fun | B59: 18 | C59: kawa
A60: lekarz | B60: 150 | C60: alina
A61: biuro | B61: 290
A62: biedronka | B62: 62
A63: fun | B63: 50
A64: fun | B64: 150 | C64: Headspace
A65: żabka | B65: 30
A66: apteka | B66: 36

Sheet maj2022
E1: Przychody | H1: Stan konta na początku miesiąca | J1: Koszty stałe | K1: =SUM(J3:J1002) -> 7502
A2: kategoria | B2: kwota | C2: opis | D2: data
A3: fun | B3: 200 | E3: sml | F3: 18236 | H3: =Zbiorczy!D23 -> 82514.29 | J3: =SUMIF($A$3:A$101, K3, B$3:B$101) -> 1900 | K3: zus | M3: =SUMIF($A$3:A$101, N3, B$3:B$101) -> 3190 | N3: biedronka
A4: biedronka | B4: 150 | J4: =SUMIF($A$3:A$101, K4, B$3:B$101) -> 2100 | K4: PIT36 | M4: =SUMIF($A$3:A$101, N4, B$3:B$101) -> 65 | N4: żabka
A5: biedronka | B5: 43 | J5: =SUMIF($A$3:A$101, K5, B$3:B$101) -> 1263 | K5: auto | M5: =SUMIF($A$3:A$101, N5, B$3:B$101) -> 1263 | N5: auto
A6: biedronka | B6: 30 | J6: =SUMIF($A$3:A$101, K6, B$3:B$101) -> 1469 | K6: Mieszkanie | M6: =SUMIF($A$3:A$101, N6, B$3:B$101) -> 710 | N6: paliwo
A7: fun | B7: 40 | J7: =SUMIF($A$3:A$101, K7, B$3:B$101) -> 770 | K7: kredyt | M7: =SUMIF($A$3:A$101, N7, B$3:B$101) -> 28351 | N7: fun
A8: fun | B8: 12 | C8: prime | M8: =SUMIF($A$3:A$101, N8, B$3:B$101) -> 1263 | N8: auto
A9: mieszkanie | B9: 1369
A10: fun | B10: 270 | C10: Obiad
A11: rossman | B11: 100
A12: biuro | B12: 83 | C12: Orange
A13: biuro | B13: 234 | C13: Play
A14: fun | B14: 60
A15: fun | B15: 60
A16: fun | B16: 690 | C16: Jula Berlin
A17: auto | B17: 350 | C17: Parking
A18: biedronka | B18: 27
A19: przejazdy | B19: 8
A20: fun | B20: 50
A21: biedronka | B21: 30
A22: żabka | B22: 44
A23: fun | B23: 220
A24: fun | B24: 50 | C24: Obiad
A25: fun | B25: 190 | C25: obiad
A26: biedronka | B26: 50
A27: kredyt | B27: 230 | C27: roborock
A28: kredyt | B28: 540 | C28: aparat
A29: mieszkanie | B29: 100 | C29: Niee
A30: fun | B30: 280 | C30: Martusia Prezent
A31: fun | B31: 12 | C31: kawka
A32: fun | B32: 15
A33: fun | B33: 200
A34: lekarz | B34: 150
A35: biedronka | B35: 11
A36: biedronka | B36: 47
A37: auto | B37: 913 | C37: polisa oc
A38: PIT36 | B38: 2100
A39: apteka | B39: 75
A40: kluska | B40: 210
A41: biedronka | B41: 70
A42: fun | B42: 60
A43: fun | B43: 26
A44: fun | B44: 90
A45: paliwo | B45: 300
A46: ZUS | B46: 1900
A47: fun | B47: 19000 | C47: pożyczka andrzej
A48: fun | B48: 3000 | C48: pożyczka jula
A49: biedronka | B49: 105
A50: biedronka | B50: 150
A51: żabka | B51: 10
A52: biedronka | B52: 20
A53: fun | B53: 380 | C53: prezent martusia
A54: biedronka | B54: 10
A55: biedronka | B55: 30
A56: paliwo | B56: 110
A57: biedronka | B57: 70
A58: ubrania | B58: 140
A59: biedronka | B59: 70
A60: fun | B60: 50 | C60: lightroom
A61: fun | B61: 50
A62: biedronka | B62: 78
A63: żabka | B63: 11
A64: fun | B64: 57 | C64: kirgistan
A65: fun | B65: 104 | C65: lindberg
A66: kawa | B66: 156
A67: fun | B67: 10 | C67: lody
A68: fun | B68: 150 | C68: uro martusia
A69: ubrania | B69: 200 | C69: golarka
A70: fun | B70: 25 | C70: happa
A71: biedronka | B71: 35 | C71: inna piekarnia
A72: fun | B72: 3000 | C72: pożyczka jula
A73: lekarz | B73: 150 | C73: porada
A74: biedronka | B74: 75
A75: paliwo | B75: 300
A76: biuro | B76: 290
A77: biedronka | B77: 2089 | C77: inne

Sheet kwiecień2022
E1: Przychody | H1: Stan konta na początku miesiąca | J1: Koszty stałe | K1: =SUM(J3:J1002) -> 6395
A2: kategoria | B2: kwota | C2: opis | D2: data
A3: biuro | B3: 83 | C3: orange | E3: sml | F3: 21050 | H3: =Zbiorczy!D22 -> 80190.29 | J3: =SUMIF($A$3:A$101, K3, B$3:B$101) -> 1826 | K3: zus | M3: =SUMIF($A$3:A$101, N3, B$3:B$101) -> 769 | N3: biedronka
A4: biuro | B4: 203 | C4: p4 | J4: =SUMIF($A$3:A$101, K4, B$3:B$101) -> 2913 | K4: PIT36 | M4: =SUMIF($A$3:A$101, N4, B$3:B$101) -> 68 | N4: żabka
A5: auto | B5: 350 | C5: parking | J5: =SUMIF($A$3:A$101, K5, B$3:B$101) -> 0 | K5: VAT | M5: =SUMIF($A$3:A$101, N5, B$3:B$101) -> 2826 | N5: auto
A6: fun | B6: 104 | C6: haikara | J6: =SUMIF($A$3:A$101, K6, B$3:B$101) -> 1656 | K6: mieszkanie | M6: =SUMIF($A$3:A$101, N6, B$3:B$101) -> 1184 | N6: paliwo
A7: rossman | B7: 23 | J7: =SUMIF($A$3:A$101, K7, B$3:B$101) -> 0 | K7: kredyt | M7: =SUMIF($A$3:A$101, N7, B$3:B$101) -> 2339 | N7: fun
A8: lidl | B8: 58 | M8: =SUMIF($A$3:A$101, N8, B$3:B$101) -> 2826 | N8: auto
A9: lidl | B9: 52
A10: lidl | B10: 30 | C10: piekarnia
A11: fun | B11: 10
A12: fun | B12: 15 | C12: kawa
A13: lidl | B13: 48 | C13: piekarnia
A14: przejazdy | B14: 8
A15: fun | B15: 11 | C15: prime
A16: mieszkanie | B16: 1036 | C16: czynsz
A17: żabka | B17: 22
A18: mieszkanie | B18: 60 | C18: mopy
A19: fun | B19: 380 | C19: kolacja
A20: apteka | B20: 65
A21: ubrania | B21: 170
A22: biedronka | B22: 50 | C22: piekarania
A23: fun | B23: 60
A24: auto | B24: 120
A25: mieszkanie | B25: 100 | C25: inea
A26: biedronka | B26: 73
A27: PIT36 | B27: 2913
A28: lekarz | B28: 150
A29: taxi | B29: 50
A30: paliwo | B30: 350
A31: auto | B31: 2160 | C31: opony
A32: paliwo | B32: 136
A33: ZUS | B33: 1826
A34: paliwo | B34: 301
A35: przejazdy | B35: 127
A36: fun | B36: 260 | C36: hotel birr
A37: biuro | B37: 200 | C37: telefon
A38: paliwo | B38: 101
A39: paliwo | B39: 296
A40: biuro | B40: 260 | C40: księgowa
A41: lekarz | B41: 150 | C41: porada
A42: biedronka | B42: 26
A43: kawa | B43: 60
A44: biedronka | B44: 190 | C44: chleb
A45: mieszkanie | B45: 460 | C45: ikea
A46: biedronka | B46: 15
A47: fun | B47: 50 | C47: pyszne
A48: biedronka | B48: 50
A49: przejazdy | B49: 4
A50: fun | B50: 40
A51: kawa | B51: 125
A52: fun | B52: 35
A53: fun | B53: 630 | C53: FEST
A54: biedronka | B54: 36
A55: biuro | B55: 10 | C55: prowizja
A56: żabka | B56: 10
A57: biedronka | B57: 45
A58: fun | B58: 4
A59: auto | B59: 80
A60: przejazdy | B60: 50
A61: fun | B61: 180 | C61: bnb krk
A62: przejazdy | B62: 48
A63: lekarz | B63: 3000 | C63: aparat dół
A64: żabka | B64: 13
A65: fun | B65: 25
A66: żabka | B66: 10
A67: kawa | B67: 21
A68: fun | B68: 38
A69: lekarz | B69: 150 | C69: porada
A70: biedronka | B70: 21 | C70: chleb
A71: biedronka | B71: 22
A72: biedronka | B72: 40
A73: żabka | B73: 13
A74: biedronka | B74: 101
A75: fun | B75: 42 | C75: ikea
A76: auto | B76: 16
A77: biedronka | B77: 100
A78: auto | B78: 100
A79: fun | B79: 455

Sheet marzec2022
E1: Przychody | H1: Stan konta na początku miesiąca | J1: Koszty stałe | K1: =SUM(J3:J1002) -> 7062
A2: kategoria | B2: kwota | C2: opis | D2: data
A3: lekarz | B3: 150 | C3: Alina | E3: sml | F3: 16800 | H3: =Zbiorczy!D21 -> 76453.29 | J3: =SUMIF($A$3:A$101, K3, B$3:B$101) -> 1850 | K3: zus | M3: =SUMIF($A$3:A$101, N3, B$3:B$101) -> 1752 | N3: biedronka
A4: kawa | B4: 82 | J4: =SUMIF($A$3:A$101, K4, B$3:B$101) -> 2627 | K4: PIT36 | M4: =SUMIF($A$3:A$101, N4, B$3:B$101) -> 20 | N4: żabka
A5: auto | B5: 350 | J5: =SUMIF($A$3:A$101, K5, B$3:B$101) -> 0 | K5: VAT | M5: =SUMIF($A$3:A$101, N5, B$3:B$101) -> 360 | N5: auto
A6: biedronka | B6: 22 | J6: =SUMIF($A$3:A$101, K6, B$3:B$101) -> 1600 | K6: mieszkanie | M6: =SUMIF($A$3:A$101, N6, B$3:B$101) -> 270 | N6: paliwo
A7: fun | B7: 11 | C7: amazon prime | J7: =SUMIF($A$3:A$101, K7, B$3:B$101) -> 985 | K7: kredyt | M7: =SUMIF($A$3:A$101, N7, B$3:B$101) -> 1464 | N7: fun
A8: PIT36 | B8: 65 | M8: =SUMIF($A$3:A$101, N8, B$3:B$101) -> 360 | N8: auto
A9: biuro | B9: 83 | C9: orange
A10: fun | B10: 240 | C10: Waga
A11: mieszkanie | B11: 1400
A12: biedronka | B12: 120
A13: biedronka | B13: 30
A14: fun | B14: 165
A15: PIT36 | B15: 2262
A16: paliwo | B16: 270
A17: kredyt | B17: 820
A18: kredyt | B18: 165
A19: PIT36 | B19: 300
A20: kawa | B20: 300
A21: biedronka | B21: 41
A22: fun | B22: 50
A23: fun | B23: 50 | C23: Kino
A24: fun | B24: 16 | C24: Piwko
A25: biedronka | B25: 10
A26: lekarz | B26: 150
A27: lekarz | B27: 150
A28: ZUS | B28: 1850
A29: żabka | B29: 20
A30: fun | B30: 150 | C30: siostra
A31: fun | B31: 103
A32: auto | B32: 10
A33: biedronka | B33: 40
A34: mieszkanie | B34: 200
A35: fun | B35: 261 | C35: młynek
A36: biedronka | B36: 672
A37: kawa | B37: 120
A38: fun | B38: 53
A39: fun | B39: 135 | C39: Ram
A40: apteka | B40: 50
A41: fun | B41: 230 | C41: Jedzenie
A42: biedronka | B42: 71
A43: przejazdy | B43: 90
A44: biuro | B44: 520 | C44: birr
A45: biuro | B45: 180 | C45: birr
A46: biuro | B46: 260 | C46: księgowość
A47: biedronka | B47: 746

Sheet luty2022
E1: Przychody | H1: Stan konta na początku miesiąca | J1: Koszty stałe | K1: =SUM(J3:J1002) -> 8652
A2: kategoria | B2: kwota | C2: opis | D2: data
A3: fun | B3: 2150 | C3: AW7 | E3: sml | F3: 21708 | H3: =Zbiorczy!D20 -> 80880.29 | J3: =SUMIF($A$3:A$101, K3, B$3:B$101) -> 3128 | K3: zus | M3: =SUMIF($A$3:A$101, N3, B$3:B$101) -> 911 | N3: biedronka
A4: żabka | B4: 16 | J4: =SUMIF($A$3:A$101, K4, B$3:B$101) -> 2476 | K4: PIT36 | M4: =SUMIF($A$3:A$101, N4, B$3:B$101) -> 75 | N4: żabka
A5: mieszkanie | B5: 150 | J5: =SUMIF($A$3:A$101, K5, B$3:B$101) -> 0 | K5: VAT | M5: =SUMIF($A$3:A$101, N5, B$3:B$101) -> 440 | N5: auto
A6: fun | B6: 40 | J6: =SUMIF($A$3:A$101, K6, B$3:B$101) -> 2228 | K6: mieszkanie | M6: =SUMIF($A$3:A$101, N6, B$3:B$101) -> 220 | N6: paliwo
A7: biedronka | B7: 36 | J7: =SUMIF($A$3:A$101, K7, B$3:B$101) -> 820 | K7: kredyt | M7: =SUMIF($A$3:A$101, N7, B$3:B$101) -> 7151 | N7: fun
A8: biedronka | B8: 21 | M8: =SUMIF($A$3:A$101, N8, B$3:B$101) -> 440 | N8: auto
A9: biuro | B9: 114
A10: fun | B10: 59
A11: fun | B11: 79
A12: apteka | B12: 70
A13: fun | B13: 20
A14: fun | B14: 90
A15: biuro | B15: 83
A16: biuro | B16: 2340
A17: auto | B17: 350
A18: fun | B18: 375
A19: biedronka | B19: 20
A20: żabka | B20: 36
A21: biedronka | B21: 65
A22: auto | B22: 90 | C22: Parking
A23: mieszkanie | B23: 1441
A24: fun | B24: 362 | C24: Szkatułka
A25: fun | B25: 3600
A26: mieszkanie | B26: 500 | C26: Tv
A27: mieszkanie | B27: 137
A28: biedronka | B28: 31
A29: fun | B29: 55
A30: fun | B30: 47
A31: biedronka | B31: 15
A32: biedronka | B32: 70
A33: paliwo | B33: 220
A34: fun | B34: 33
A35: biedronka | B35: 43
A36: fun | B36: 41
A37: ZUS | B37: 1548
A38: żabka | B38: 5
... A40: ZUS | B40: 1580
A41: fun | B41: 200 | C41: Kolacja
A42: apteka | B42: 80
A43: żabka | B43: 18
A44: PIT36 | B44: 2476
A45: biuro | B45: 5999 | C45: Mac air
A46: biedronka | B46: 610

Sheet styczeń2022
A1: Wydatki | E1: Przychody | H1: Stan konta na początku miesiąca | J1: Koszty stałe | K1: =SUM(J3:J1001) -> 10246
A2: kategoria | B2: kwota | C2: opis | D2: data
A3: krypto | B3: 150 | E3: sml | F3: 23873 | H3: =Zbiorczy!D19 -> 77018.29 | J3: =SUMIF($A$3:A$100, K3, B$3:B$100) -> 1457 | K3: zus | M3: =SUMIF($A$3:A$100, N3, B$3:B$100) -> 662 | N3: biedronka
A4: ubrania | B4: 50 | J4: =SUMIF($A$3:A$100, K4, B$3:B$100) -> 2309 | K4: PIT36 | M4: =SUMIF($A$3:A$100, N4, B$3:B$100) -> 46 | N4: żabka
A5: biuro | B5: 203 | C5: play | J5: =SUMIF($A$3:A$100, K5, B$3:B$100) -> 3795 | K5: VAT | M5: =SUMIF($A$3:A$100, N5, B$3:B$100) -> 42 | N5: auto
A6: biuro | B6: 82 | C6: orange | J6: =SUMIF($A$3:A$100, K6, B$3:B$100) -> 1715 | K6: mieszkanie | M6: =SUMIF($A$3:A$100, N6, B$3:B$100) -> 640 | N6: paliwo
A7: ZUS | B7: 1457 | J7: =SUMIF($A$3:A$100, K7, B$3:B$100) -> 970 | K7: kredyt | M7: =SUMIF($A$3:A$100, N7, B$3:B$100) -> 5913 | N7: fun
A8: lidl | B8: 175 | M8: =SUMIF($A$3:A$101, N8, B$3:B$101) -> 42 | N8: auto
A9: mieszkanie | B9: 290
A10: żabka | B10: 20
A11: fun | B11: 37 | C11: kino
A12: apteka | B12: 78
A13: fun | B13: 240 | C13: suszarka
A14: kluska | B14: 85
A15: fun | B15: 95 | C15: kawiarka
A16: biedronka | B16: 51
A17: kluska | B17: 125
A18: fun | B18: 800 | C18: Julia holandia
A19: fun | B19: 2107 | C19: życie
A20: fun | B20: 50 | C20: siepomaga
A21: żabka | B21: 12
A22: lekarz | B22: 150
A23: fun | B23: 34
A24: fun | B24: 13
A25: kawa | B25: 111
A26: auto | B26: 9
A27: fun | B27: 33
A28: fun | B28: 220
A29: fun | B29: 60
A30: fun | B30: 75
A31: Lidl | B31: 103
A32: fun | B32: 500 | C32: Prezent
A33: fun | B33: 8
A34: fun | B34: 50 | C34: Kino
A35: żabka | B35: 7
A36: biedronka | B36: 115
A37: fun | B37: 50
A38: auto | B38: 13
A39: paliwo | B39: 230
A40: fun | B40: 110
A41: fun | B41: 47
A42: lidl | B42: 170
A43: fun | B43: 220
A44: fun | B44: 50
A45: PIT36 | B45: 2309
A46: VAT | B46: 3795
A47: żabka | B47: 7
A48: kredyt | B48: 803 | C48: a7
A49: kredyt | B49: 167
A50: kawa | B50: 100
A51: fun | B51: 130
A52: fun | B52: 84
A53: lekarz | B53: 150
A54: fun | B54: 150 | C54: Wojtek
A55: fun | B55: 15
A56: biedronka | B56: 35
A57: mieszkanie | B57: 1250 | C57: Kaucja
A58: fun | B58: 5
A59: fun | B59: 50
A60: biedronka | B60: 96
A61: biedronka | B61: 27
A62: fun | B62: 60
A63: taxi | B63: 50
A64: biedronka | B64: 13
A65: fun | B65: 25
A66: fun | B66: 60
A67: lekarz | B67: 150
A68: biedronka | B68: 130
A69: fun | B69: 141
... A75: paliwo | B75: 180
A76: fun | B76: 101 | C76: neobab
A77: auto | B77: 20
A78: fun | B78: 15
A79: krypto | B79: 150
A80: fun | B80: 50 | C80: siepomaga
A81: biuro | B81: 260
A82: paliwo | B82: 230
A83: kluska | B83: 60
A84: fun | B84: 78 | C84: testy Jula
A85: fun | B85: 60 | C85: sushi
A86: fun | B86: 15 | C86: kfc
A87: przejazdy | B87: 60
A88: biedronka | B88: 90

Sheet grudzień2021
A1: Wydatki | E1: Przychody | H1: Stan konta na początku miesiąca | J1: Koszty stałe | K1: =SUM(J3:J1002) -> 8847
A2: kategoria | B2: kwota | C2: opis | D2: data
A3: auto | B3: 1600 | E3: sml | F3: 22032 | H3: =Zbiorczy!D18 -> 77332.29 | J3: =SUMIF($A$3:A$101, K3, B$3:B$101) -> 1460 | K3: zus | M3: =SUMIF($A$3:A$101, N3, B$3:B$101) -> 100 | N3: biedronka
A4: ZUS | B4: 1460 | E4: zwrot ipad | J4: =SUMIF($A$3:A$101, K4, B$3:B$101) -> 2433 | K4: PIT36 | M4: =SUMIF($A$3:A$101, N4, B$3:B$101) -> 0 | N4: żabka
A5: paliwo | B5: 350 | J5: =SUMIF($A$3:A$101, K5, B$3:B$101) -> 3854 | K5: VAT | M5: =SUMIF($A$3:A$101, N5, B$3:B$101) -> 4260 | N5: auto
A6: biuro | B6: 234 | J6: =SUMIF($A$3:A$101, K6, B$3:B$101) -> 290 | K6: mieszkanie | M6: =SUMIF($A$3:A$101, N6, B$3:B$101) -> 1564 | N6: paliwo
A7: mieszkanie | B7: 290 | J7: =SUMIF($A$3:A$101, K7, B$3:B$101) -> 810 | K7: kredyt | M7: =SUMIF($A$3:A$101, N7, B$3:B$101) -> 6325 | N7: fun
A8: ubrania | B8: 60 | M8: =SUMIF($A$3:A$101, N8, B$3:B$101) -> 4260 | N8: auto
A9: ubrania | B9: 40
A10: fun | B10: 116 | C10: mexico bar
A11: biedronka | B11: 100
A12: fun | B12: 4371 | C12: ch + wydatki
A13: fun | B13: 240 | C13: Szal
A14: fun | B14: 135 | C14: Książka
A15: biuro | B15: 503 | C15: play
A16: biuro | B16: 73 | C16: orange
A17: fun | B17: 42
A18: fun | B18: 177 | C18: boostme
A19: fun | B19: 160 | C19: Psych
A20: fun | B20: 134 | C20: Tankuje
A21: lidl | B21: 340 | C21: imprezka
A22: paliwo | B22: 208
A23: paliwo | B23: 280
A24: paliwo | B24: 326
A25: paliwo | B25: 204
A26: paliwo | B26: 196
A27: fun | B27: 950 | C27: sluchawki
A28: auto | B28: 1550
A29: auto | B29: 1110
A30: PIT36 | B30: 2433
A31: VAT | B31: 3854
A32: kredyt | B32: 810

Sheet listopad2021
A1: Wydatki | E1: Przychody | H1: Stan konta na początku miesiąca | J1: Koszty stałe | K1: =SUM(J3:J1002) -> 6352
A2: kategoria | B2: kwota | C2: opis | D2: data
A3: biedronka | B3: 4076 | E3: sml | F3: 16605 | H3: =Zbiorczy!D17 -> 75528.29 | J3: =SUMIF($A$3:A$101, K3, B$3:B$101) -> 1460 | K3: zus | M3: =SUMIF($A$3:A$101, N3, B$3:B$101) -> 5420 | N3: biedronka
A4: ZUS | B4: 1460 | E4: zwrot ipad | F4: 1699 | J4: =SUMIF($A$3:A$101, K4, B$3:B$101) -> 1352 | K4: PIT36 | M4: =SUMIF($A$3:A$101, N4, B$3:B$101) -> 0 | N4: żabka
A5: fun | B5: 190 | C5: podkladka | J5: =SUMIF($A$3:A$101, K5, B$3:B$101) -> 2565 | K5: VAT | M5: =SUMIF($A$3:A$101, N5, B$3:B$101) -> 943 | N5: auto
A6: kawa | B6: 145 | J6: =SUMIF($A$3:A$101, K6, B$3:B$101) -> 0 | K6: mieszkanie | M6: =SUMIF($A$3:A$101, N6, B$3:B$101) -> 425 | N6: paliwo
A7: przejazdy | B7: 150 | J7: =SUMIF($A$3:A$101, K7, B$3:B$101) -> 975 | K7: kredyt | M7: =SUMIF($A$3:A$101, N7, B$3:B$101) -> 576 | N7: fun
A8: biedronka | B8: 50 | M8: =SUMIF($A$3:A$101, N8, B$3:B$101) -> 943 | N8: auto
A9: kluska | B9: 160
A10: biedronka | B10: 50
A11: auto | B11: 12
A12: biedronka | B12: 132
A13: biedronka | B13: 60
A14: kluska | B14: 100
A15: lekarz | B15: 150
A16: fun | B16: 20
A17: biedronka | B17: 80
A18: biedronka | B18: 160
A19: biuro | B19: 136 | C19: pociąg birr
A20: VAT | B20: 2565
A21: PIT36 | B21: 1352
A22: kredyt | B22: 810 | C22: A7
A23: kredyt | B23: 165 | C23: tel
A24: fun | B24: 85 | C24: btm
A25: fun | B25: 36 | C25: ksiazka
A26: fun | B26: 20 | C26: chleb
A27: biedronka | B27: 60 | C27: chleb
A28: biedronka | B28: 20
A29: paliwo | B29: 167
A30: paliwo | B30: 128
A31: auto | B31: 131
A32: paliwo | B32: 130
A33: lidl | B33: 50
A34: fun | B34: 135 | C34: mata
A35: ubrania | B35: 84
A36: kluska | B36: 70
A37: ubrania | B37: 89
A38: lekarz | B38: 150
A39: biedronka | B39: 582
A40: biuro | B40: 1277 | C40: lot ch
A41: biedronka | B41: 40
B42: 73
A43: auto | B43: 800
A44: fun | B44: 40
A45: biedronka | B45: 110
A46: lekarz | B46: 150
A47: fun | B47: 50

Sheet październik2021
A1: Wydatki | E1: Przychody | H1: Stan konta na początku miesiąca | J1: Koszty stałe | K1: =SUM(J3:J1002) -> 7610
A2: kategoria | B2: kwota | C2: opis | D2: data
A3: biuro | B3: 590 | C3: podstawka + klawa | E3: sml | F3: 18020 | H3: =Zbiorczy!D16 -> 75446.29 | J3: =SUMIF($A$3:A$101, K3, B$3:B$101) -> 1460 | K3: zus | M3: =SUMIF($A$3:A$101, N3, B$3:B$101) -> 997 | N3: biedronka
